USERID,SHOPID,ARRIVAL_TIME
1419.000,4.000,20140809115550
1467.000,4.000,20140816164537
1282.000,11.000,20140816132128
1282.000,11.000,20140816112508
1692.000,11.000,20140816182100
1692.000,11.000,20140809152750
1015.000,18.000,20140816132153
1904.000,18.000,20140809173518
1629.000,18.000,20140816112540
243.000,18.000,20140816135105
2697.000,18.000,20140816155155
379.000,18.000,20140816175913
1645.000,26.000,20140809110618
1424.000,26.000,20140816180854
1056.000,26.000,20140816140646
2297.000,26.000,20140816183145
8.000,26.000,20140816110331
1798.000,26.000,20140816153448
878.000,26.000,20140809152501
226.000,33.000,20140809184229
517.000,61.000,20140816140122
2191.000,61.000,20140809145745
517.000,61.000,20140816165016
2473.000,175.000,20140816101025
1738.000,181.000,20140816160323
1477.000,181.000,20140809112918
1477.000,181.000,20140809123648
1477.000,181.000,20140809173426
1477.000,181.000,20140809180941
1477.000,181.000,20140809195021
1738.000,181.000,20140809101823
1738.000,181.000,20140809112649
1477.000,181.000,20140816170249
1494.000,181.000,20140816140903
2022.000,181.000,20140816165509
2422.000,181.000,20140816181348
1738.000,181.000,20140816110058
1738.000,181.000,20140816141735
768.000,249.000,20140816124453
2680.000,249.000,20140816121004
1526.000,249.000,20140816143619
768.000,249.000,20140816193815
1123.000,288.000,20140816142441
2420.000,288.000,20140816140545
2136.000,288.000,20140816102659
1123.000,288.000,20140816125222
1481.000,293.000,20140809111141
1481.000,293.000,20140809175112
2565.000,416.000,20140809140855
236.000,416.000,20140816191206
1500.000,416.000,20140816125502
2512.000,416.000,20140816144858
494.000,416.000,20140816111132
1323.000,416.000,20140816105300
2512.000,416.000,20140809194845
975.000,416.000,20140809122820
1323.000,416.000,20140809120658
2252.000,418.000,20140809155333
2033.000,418.000,20140816102540
760.000,418.000,20140809130909
2732.000,418.000,20140809104954
616.000,429.000,20140816160251
275.000,514.000,20140816122242
811.000,520.000,20140809145737
1258.000,520.000,20140816171727
1208.000,520.000,20140816132629
1258.000,520.000,20140816145843
1426.000,520.000,20140816154358
2854.000,520.000,20140809173238
854.000,520.000,20140816191550
1426.000,520.000,20140816144308
1825.000,520.000,20140816172735
1284.000,520.000,20140809121404
2636.000,520.000,20140816100720
2655.000,533.000,20140816134642
293.000,533.000,20140816111021
725.000,533.000,20140816124454
701.000,533.000,20140816165754
427.000,535.000,20140816111254
168.000,537.000,20140809155341
1543.000,537.000,20140816184245
1543.000,537.000,20140816175303
1509.000,549.000,20140816130007
260.000,549.000,20140816163942
553.000,549.000,20140816180902
1221.000,549.000,20140816154431
142.000,549.000,20140816162033
946.000,549.000,20140809173644
1880.000,549.000,20140809145824
260.000,549.000,20140816150741
1278.000,549.000,20140816154039
1278.000,549.000,20140816144357
2286.000,549.000,20140816142223
708.000,549.000,20140809120103
946.000,549.000,20140809140454
553.000,549.000,20140809180945
1915.000,553.000,20140816122100
1233.000,553.000,20140809144857
1826.000,553.000,20140809164917
595.000,553.000,20140816191951
1575.000,635.000,20140816122732
1515.000,635.000,20140809180210
811.000,649.000,20140809105708
2385.000,656.000,20140816125446
978.000,658.000,20140816173424
288.000,658.000,20140816101703
2749.000,658.000,20140809102107
1645.000,659.000,20140809123022
1397.000,664.000,20140809154911
1397.000,664.000,20140809144617
1397.000,664.000,20140809120533
805.000,708.000,20140816153336
1583.000,734.000,20140816152159
1438.000,741.000,20140809184824
1454.000,743.000,20140816122356
2347.000,782.000,20140816111040
799.000,782.000,20140816102722
2891.000,820.000,20140816142842
1394.000,820.000,20140816143233
2187.000,936.000,20140809183604
128.000,936.000,20140816164732
1679.000,938.000,20140816114610
2228.000,974.000,20140816190931
2776.000,1019.000,20140816133058
2529.000,1019.000,20140816103638
934.000,1019.000,20140809112314
934.000,1019.000,20140809182947
221.000,1019.000,20140809110516
221.000,1019.000,20140809122329
83.000,1019.000,20140809104945
2432.000,1019.000,20140809175303
2503.000,1019.000,20140809100117
2503.000,1019.000,20140809135903
2529.000,1019.000,20140809133234
1267.000,1019.000,20140816143624
1451.000,1019.000,20140816105259
1451.000,1019.000,20140816112029
1734.000,1019.000,20140816114306
1734.000,1019.000,20140816130647
1807.000,1019.000,20140816144359
1807.000,1019.000,20140816154808
1807.000,1019.000,20140816174610
1328.000,1019.000,20140816103753
444.000,1019.000,20140816163545
444.000,1019.000,20140816175441
397.000,1019.000,20140816123921
934.000,1019.000,20140816193606
2642.000,1019.000,20140816164408
221.000,1019.000,20140816103106
2503.000,1019.000,20140816103905
2503.000,1019.000,20140816163801
1582.000,1059.000,20140816102105
1036.000,1101.000,20140809104441
1400.000,1104.000,20140809180058
2482.000,1129.000,20140816194137
1614.000,1198.000,20140809130700
2825.000,1198.000,20140809101427
1400.000,1198.000,20140809161220
1036.000,1217.000,20140816122145
1614.000,1217.000,20140816112359
2294.000,1224.000,20140816120616
1679.000,1632.000,20140816123709
1506.000,1632.000,20140816123219
768.000,1632.000,20140816172113
1142.000,1668.000,20140809134620
1142.000,1668.000,20140816120709
1142.000,1674.000,20140809171209
2775.000,1689.000,20140816140000
2677.000,1765.000,20140816134506
1487.000,1765.000,20140816154755
550.000,1784.000,20140809125903
148.000,1784.000,20140809180655
2164.000,1784.000,20140809112234
2685.000,1784.000,20140816163743
1855.000,1784.000,20140816173938
1030.000,1784.000,20140809142704
2553.000,1784.000,20140816152952
703.000,1784.000,20140816190619
208.000,1814.000,20140809135205
1344.000,1814.000,20140816194325
1392.000,1814.000,20140816112741
1952.000,1814.000,20140816115158
1265.000,1845.000,20140816180509
1945.000,1845.000,20140809160126
1887.000,1845.000,20140809165609
1142.000,1864.000,20140816145926
558.000,1881.000,20140816165346
1096.000,1881.000,20140816125712
558.000,1881.000,20140816135454
558.000,1881.000,20140816143140
719.000,1888.000,20140816172503
2057.000,1888.000,20140816141410
2807.000,1893.000,20140816120349
1250.000,1898.000,20140809174059
2755.000,1910.000,20140816145931
987.000,1942.000,20140809172318
2719.000,1942.000,20140809141849
1600.000,1942.000,20140809120708
518.000,1970.000,20140809180139
1217.000,2032.000,20140809165606
293.000,2072.000,20140809105343
2370.000,2114.000,20140816175731
504.000,2114.000,20140816145934
64.000,2114.000,20140816193049
653.000,2114.000,20140816150105
1328.000,2155.000,20140816114655
757.000,2155.000,20140816153037
1044.000,2162.000,20140816103144
444.000,2181.000,20140816184830
2639.000,2184.000,20140816182831
1489.000,2239.000,20140809142712
349.000,2480.000,20140816145012
99.000,2480.000,20140816103744
30.000,3028.000,20140809121503
278.000,3028.000,20140816151426
278.000,3028.000,20140816122541
86.000,3028.000,20140816190402
278.000,3028.000,20140816183300
86.000,3028.000,20140809182523
278.000,3028.000,20140809103146
582.000,3028.000,20140809125953
582.000,3028.000,20140809175726
582.000,3028.000,20140809180108
2580.000,3028.000,20140816193415
2157.000,3028.000,20140816172437
1203.000,3028.000,20140816144943
1203.000,3028.000,20140816170137
1925.000,3056.000,20140809170452
281.000,3073.000,20140816162747
1981.000,3075.000,20140809163504
1800.000,3110.000,20140816185504
30.000,3110.000,20140816100442
137.000,3127.000,20140816185732
88.000,3148.000,20140809194301
1238.000,3164.000,20140809190018
785.000,3164.000,20140809171248
785.000,3164.000,20140816172853
785.000,3164.000,20140816113326
1993.000,3171.000,20140816130145
2226.000,3180.000,20140809150754
2226.000,3180.000,20140809142308
2226.000,3180.000,20140809123424
1644.000,3180.000,20140816150747
2226.000,3180.000,20140809103419
1986.000,3195.000,20140809181301
1986.000,3195.000,20140809121215
1784.000,3201.000,20140809105514
687.000,3201.000,20140816194913
1238.000,3209.000,20140809173406
1868.000,3209.000,20140816114107
1013.000,3209.000,20140816184741
1624.000,3219.000,20140809121008
1166.000,3286.000,20140809143754
2499.000,3290.000,20140816185416
898.000,3293.000,20140816194448
1600.000,3293.000,20140809113803
1632.000,3295.000,20140816101453
1840.000,3297.000,20140809190609
2391.000,3309.000,20140809161616
898.000,3309.000,20140816145819
2391.000,3309.000,20140809170011
785.000,3323.000,20140809112833
547.000,3323.000,20140809151725
1784.000,3323.000,20140816182839
1784.000,3323.000,20140816175843
1957.000,3323.000,20140816150053
176.000,3323.000,20140816163543
2101.000,3329.000,20140809171527
173.000,3339.000,20140816190624
1773.000,3395.000,20140809180711
2748.000,3398.000,20140816143544
2748.000,3398.000,20140809192920
2748.000,3398.000,20140809141145
2464.000,3398.000,20140816115534
1447.000,3398.000,20140816191309
1447.000,3398.000,20140816185111
1447.000,3398.000,20140809184803
2686.000,3398.000,20140816163027
940.000,3398.000,20140816141400
363.000,3412.000,20140816145230
766.000,3412.000,20140816113508
685.000,3415.000,20140809110624
511.000,3415.000,20140809180448
1447.000,3415.000,20140809193816
940.000,3415.000,20140816183124
1253.000,3416.000,20140809114230
1500.000,3416.000,20140809124644
439.000,3425.000,20140816193544
585.000,3427.000,20140809164933
616.000,3427.000,20140809100505
1253.000,3427.000,20140809133330
1470.000,3427.000,20140816191233
1959.000,3427.000,20140816175153
1516.000,3427.000,20140816184926
585.000,3427.000,20140809122837
2241.000,3427.000,20140809151130
37.000,3452.000,20140816165735
1084.000,3452.000,20140816185749
1411.000,3452.000,20140816180033
1300.000,3452.000,20140816132908
1300.000,3452.000,20140816121926
760.000,3452.000,20140816164644
1063.000,3452.000,20140816192249
2483.000,3452.000,20140816161252
2461.000,3452.000,20140816154301
1965.000,3452.000,20140809113030
2732.000,3452.000,20140809144303
133.000,3452.000,20140809173351
236.000,3452.000,20140809105003
632.000,3452.000,20140809185108
1300.000,3452.000,20140809122037
1300.000,3452.000,20140809115035
1246.000,3452.000,20140809153717
2407.000,3497.000,20140816143101
1961.000,3497.000,20140816143116
485.000,3497.000,20140816155347
485.000,3497.000,20140816113856
478.000,3497.000,20140816113308
616.000,3536.000,20140809155556
110.000,3536.000,20140816172316
760.000,3536.000,20140816101332
747.000,3536.000,20140816191012
747.000,3536.000,20140809123107
760.000,3536.000,20140809123905
2773.000,3536.000,20140809174835
79.000,3536.000,20140809125254
2686.000,3536.000,20140816102330
1201.000,3536.000,20140816185858
975.000,3536.000,20140816101910
1579.000,3537.000,20140809114114
251.000,3548.000,20140816134750
2033.000,3593.000,20140809111010
2211.000,3593.000,20140816144135
1537.000,3728.000,20140816151935
1130.000,3735.000,20140816154041
362.000,3745.000,20140816155838
171.000,3745.000,20140809145621
1033.000,3759.000,20140816142628
2083.000,3759.000,20140816151713
2656.000,3763.000,20140816110517
1445.000,3763.000,20140816122436
1097.000,3763.000,20140816103114
1898.000,3763.000,20140816161909
2656.000,3763.000,20140816155455
92.000,3771.000,20140816150809
238.000,3771.000,20140809120051
2737.000,3771.000,20140809143609
92.000,3771.000,20140809104300
2599.000,3771.000,20140816103720
709.000,3771.000,20140809100521
1014.000,3771.000,20140816143944
92.000,3771.000,20140809131256
2591.000,3773.000,20140816142940
1851.000,3773.000,20140809175038
80.000,3775.000,20140816184657
1898.000,3780.000,20140816134815
38.000,3780.000,20140816142325
709.000,3780.000,20140809180226
1203.000,3780.000,20140809174431
994.000,3781.000,20140809180603
1088.000,3784.000,20140816163136
1617.000,3790.000,20140809151447
1851.000,3790.000,20140809103752
1942.000,3790.000,20140809155920
1261.000,3790.000,20140809144955
2334.000,3790.000,20140816144346
732.000,3790.000,20140816120512
24.000,3790.000,20140816192310
1914.000,3792.000,20140816163959
2391.000,3802.000,20140816130151
1218.000,3802.000,20140816114128
2737.000,3802.000,20140816112400
1099.000,3802.000,20140816172757
1563.000,3814.000,20140816182535
2798.000,3814.000,20140816160158
641.000,3814.000,20140816145906
804.000,3826.000,20140816145420
1628.000,3826.000,20140816150940
1087.000,3828.000,20140809163737
2603.000,3830.000,20140809180755
1904.000,3830.000,20140816133043
1834.000,3830.000,20140816125853
607.000,3830.000,20140809144702
154.000,3830.000,20140816135920
2071.000,3830.000,20140816134621
709.000,3830.000,20140816111142
1258.000,3830.000,20140809154726
2591.000,3830.000,20140816110226
426.000,3830.000,20140809125211
2246.000,3836.000,20140809172806
2246.000,3836.000,20140809110004
2467.000,3836.000,20140809105225
1534.000,3836.000,20140816171636
719.000,3836.000,20140816182048
24.000,3836.000,20140816111100
165.000,3836.000,20140816120849
1534.000,3836.000,20140816153106
433.000,3840.000,20140816182347
1550.000,3846.000,20140816182801
154.000,3846.000,20140809193145
1993.000,3853.000,20140816102503
1173.000,3864.000,20140816181259
772.000,3864.000,20140816125556
772.000,3864.000,20140816155346
773.000,3864.000,20140816104957
773.000,3864.000,20140816141058
773.000,3864.000,20140816152857
773.000,3864.000,20140816170725
1075.000,3864.000,20140816110150
70.000,3864.000,20140816144630
65.000,3864.000,20140816101931
65.000,3864.000,20140816112406
69.000,3864.000,20140816130935
69.000,3864.000,20140816183303
72.000,3864.000,20140816173635
72.000,3864.000,20140816192250
2312.000,3864.000,20140816105510
2312.000,3864.000,20140816151513
1578.000,3864.000,20140816112012
1578.000,3864.000,20140816123647
1578.000,3864.000,20140816130835
1957.000,3864.000,20140816175425
1208.000,3864.000,20140816111810
431.000,3864.000,20140816142725
773.000,3864.000,20140809184438
773.000,3864.000,20140809114510
773.000,3864.000,20140809145451
65.000,3864.000,20140809140529
105.000,3864.000,20140809103645
2214.000,3864.000,20140809190208
2625.000,3864.000,20140809121533
2625.000,3864.000,20140809141410
1578.000,3864.000,20140809112206
1578.000,3864.000,20140809192007
1173.000,3864.000,20140809154337
1237.000,3864.000,20140809144238
1237.000,3864.000,20140809180659
2696.000,3864.000,20140816160819
2699.000,3864.000,20140816173017
2699.000,3864.000,20140816193939
1377.000,3864.000,20140816142450
1171.000,3864.000,20140816162159
1171.000,3864.000,20140816183631
1684.000,3864.000,20140816104927
1684.000,3864.000,20140816162608
1175.000,3864.000,20140816150025
1175.000,3864.000,20140816172259
1175.000,3864.000,20140816183111
1173.000,3864.000,20140816100344
1173.000,3864.000,20140816142015
2727.000,3882.000,20140816160322
1036.000,3885.000,20140809130055
1503.000,3885.000,20140816141221
538.000,4233.000,20140816160412
575.000,4233.000,20140816155620
2774.000,4238.000,20140809185216
926.000,4306.000,20140816175048
926.000,4306.000,20140816135109
926.000,4306.000,20140816141214
926.000,4306.000,20140816125451
926.000,4306.000,20140816114202
926.000,4306.000,20140816102125
926.000,4306.000,20140816194016
1671.000,4306.000,20140809131332
1671.000,4306.000,20140809121420
1671.000,4306.000,20140809114206
1671.000,4306.000,20140809100502
1907.000,4306.000,20140809193100
1907.000,4306.000,20140809184908
1907.000,4306.000,20140809172132
328.000,4306.000,20140809173614
2659.000,4306.000,20140816141832
2067.000,4337.000,20140816114524
2659.000,4337.000,20140816172601
2067.000,4337.000,20140809122234
1473.000,4340.000,20140816183700
1473.000,4340.000,20140816135842
1752.000,4340.000,20140816125652
1473.000,4340.000,20140816192912
2689.000,4340.000,20140809135129
1296.000,4340.000,20140816105007
2163.000,4340.000,20140816184948
2163.000,4340.000,20140816132257
1296.000,4340.000,20140816152436
1907.000,4340.000,20140816104625
98.000,4340.000,20140816161557
1473.000,4340.000,20140816172717
1473.000,4340.000,20140816154703
1473.000,4340.000,20140816140613
1296.000,4340.000,20140816115113
1867.000,4345.000,20140816101312
1920.000,4345.000,20140816102838
330.000,4345.000,20140816162613
553.000,4345.000,20140816140239
1264.000,4345.000,20140816175633
1245.000,4353.000,20140816174558
2486.000,4359.000,20140816174607
1225.000,4391.000,20140816150156
1225.000,4391.000,20140816115045
1186.000,4393.000,20140809100042
828.000,4401.000,20140816163718
1788.000,4401.000,20140816151446
1462.000,4401.000,20140809105722
2067.000,4401.000,20140809184528
1245.000,4401.000,20140809131151
330.000,4404.000,20140816150145
1242.000,4426.000,20140816172923
1745.000,4438.000,20140809100206
2605.000,4439.000,20140809120355
2555.000,4439.000,20140816151627
1510.000,4439.000,20140816145526
674.000,4446.000,20140816105410
267.000,4486.000,20140816174730
267.000,4486.000,20140816130522
267.000,4486.000,20140816113742
267.000,4486.000,20140816105732
267.000,4486.000,20140809135249
267.000,4486.000,20140809120907
2132.000,4488.000,20140816141651
2141.000,4488.000,20140816105126
2725.000,4535.000,20140816153723
707.000,4539.000,20140809180111
722.000,4549.000,20140816191309
1282.000,4557.000,20140816162901
2528.000,4580.000,20140809113102
1867.000,4580.000,20140816172332
283.000,4587.000,20140809151921
2019.000,4607.000,20140816190052
988.000,4609.000,20140816191033
559.000,4617.000,20140816104950
1368.000,4617.000,20140816170245
1368.000,4617.000,20140816164649
2059.000,4617.000,20140816110813
1982.000,4617.000,20140816144913
2002.000,4617.000,20140816140114
290.000,4620.000,20140809175700
1787.000,4620.000,20140809100133
1001.000,4626.000,20140809144004
1368.000,4626.000,20140809141831
988.000,4631.000,20140809144821
34.000,4631.000,20140816150708
59.000,4631.000,20140816150359
59.000,4631.000,20140816130529
680.000,4631.000,20140816161707
1055.000,4631.000,20140816133455
1055.000,4631.000,20140816121124
988.000,4631.000,20140816135242
988.000,4631.000,20140816120336
1440.000,4631.000,20140816185300
1440.000,4631.000,20140816134022
1511.000,4631.000,20140816101547
1414.000,4631.000,20140816112610
2322.000,4631.000,20140816172127
59.000,4631.000,20140809141113
247.000,4637.000,20140816174850
1282.000,4637.000,20140816183547
717.000,4637.000,20140816192540
1368.000,4637.000,20140816132842
2127.000,4671.000,20140816150314
1261.000,4671.000,20140816180743
573.000,4671.000,20140816161913
160.000,4671.000,20140816114634
160.000,4671.000,20140816170110
34.000,4671.000,20140809134023
1897.000,4671.000,20140816193210
2819.000,4671.000,20140816183627
2819.000,4671.000,20140816150350
2819.000,4671.000,20140816125425
2819.000,4671.000,20140816101320
2725.000,4671.000,20140816122812
298.000,4671.000,20140809121838
1350.000,4671.000,20140809180126
2459.000,4671.000,20140809171340
2410.000,4671.000,20140809174427
298.000,4671.000,20140809134737
1055.000,4671.000,20140809154845
290.000,4671.000,20140809160154
160.000,4671.000,20140809185131
2059.000,4671.000,20140816131750
2354.000,4719.000,20140809191032
2354.000,4719.000,20140809173935
720.000,4753.000,20140816155127
720.000,4753.000,20140816164233
152.000,4753.000,20140816102451
2525.000,4799.000,20140816135037
1840.000,4808.000,20140816140206
1127.000,4823.000,20140816125501
407.000,4825.000,20140809160657
2307.000,4826.000,20140816162255
2197.000,4826.000,20140809195545
156.000,4846.000,20140816193031
275.000,4848.000,20140816191411
1426.000,4848.000,20140816101812
1284.000,4848.000,20140809115126
2695.000,4848.000,20140816171000
92.000,4849.000,20140816161527
2611.000,4850.000,20140809123647
1445.000,4850.000,20140816153815
1102.000,4850.000,20140816174318
2296.000,4850.000,20140816171432
1130.000,4851.000,20140816163904
1474.000,4851.000,20140816140753
47.000,4851.000,20140809190856
168.000,4860.000,20140809183502
1888.000,4861.000,20140816163219
1445.000,4862.000,20140816182353
1182.000,4862.000,20140816191541
1000.000,4862.000,20140809143551
1445.000,4862.000,20140816171151
38.000,4883.000,20140816121715
2164.000,4909.000,20140816170710
586.000,4909.000,20140809175338
595.000,4909.000,20140816143527
2783.000,4915.000,20140816113033
24.000,4916.000,20140809135839
1745.000,4916.000,20140809111916
2810.000,4916.000,20140816192648
1778.000,4916.000,20140816154101
1778.000,4916.000,20140816122519
114.000,4916.000,20140809181446
198.000,4925.000,20140809190415
2435.000,4925.000,20140816105722
2621.000,4925.000,20140816134714
1420.000,4940.000,20140816185501
5.000,4940.000,20140816174702
1869.000,4940.000,20140816101447
770.000,4940.000,20140816152435
2466.000,4943.000,20140809125744
1942.000,4943.000,20140816182617
1482.000,4943.000,20140809165652
468.000,4943.000,20140809192651
468.000,4943.000,20140809115459
1760.000,4947.000,20140816193811
337.000,4947.000,20140816121910
2764.000,4947.000,20140816122505
2648.000,4955.000,20140816112400
2455.000,4955.000,20140816153658
531.000,4962.000,20140816134248
2752.000,4965.000,20140816114926
1888.000,4965.000,20140816173517
97.000,4965.000,20140816123239
1636.000,4978.000,20140816100410
80.000,4978.000,20140816175219
1915.000,4983.000,20140816143852
1826.000,4983.000,20140809142408
1130.000,4996.000,20140816133742
1256.000,5002.000,20140809133136
1256.000,5002.000,20140809173543
2395.000,5015.000,20140816151652
45.000,5015.000,20140809144408
1036.000,5015.000,20140809154439
725.000,5015.000,20140816185210
2797.000,5025.000,20140816112239
1248.000,5025.000,20140816162412
2797.000,5025.000,20140816125731
1888.000,5025.000,20140816155924
512.000,5028.000,20140816125823
2583.000,5028.000,20140816154158
2611.000,5030.000,20140816105211
2698.000,5030.000,20140816180001
1646.000,5030.000,20140816101343
1944.000,5030.000,20140816104210
1550.000,5030.000,20140816131654
496.000,5034.000,20140816144628
496.000,5034.000,20140816115735
1698.000,5034.000,20140816183230
1617.000,5034.000,20140809171711
1617.000,5034.000,20140809100335
468.000,5034.000,20140809150656
534.000,5074.000,20140816135935
534.000,5074.000,20140816103256
200.000,5099.000,20140809162443
2826.000,5105.000,20140809153649
954.000,5105.000,20140809105823
2401.000,5117.000,20140816183524
117.000,5118.000,20140816150005
1048.000,5120.000,20140816191135
2140.000,5120.000,20140816190147
2035.000,5120.000,20140816140502
663.000,5120.000,20140809154712
1796.000,5120.000,20140816102330
663.000,5120.000,20140809133138
248.000,5129.000,20140809104627
248.000,5129.000,20140809115306
1404.000,5129.000,20140809113143
663.000,5142.000,20140816161627
31.000,5144.000,20140809143933
158.000,5144.000,20140809101409
456.000,5144.000,20140816164324
417.000,5144.000,20140809172100
331.000,5152.000,20140809173157
264.000,5152.000,20140816161243
1616.000,5152.000,20140816121729
894.000,5175.000,20140809135138
331.000,5175.000,20140816162328
1398.000,5175.000,20140816190822
1647.000,5175.000,20140809192933
1717.000,5175.000,20140816173124
167.000,5175.000,20140816165029
1796.000,5175.000,20140816120702
200.000,5194.000,20140809192812
194.000,5194.000,20140816120550
1151.000,5194.000,20140816153509
2720.000,5210.000,20140816131057
226.000,5210.000,20140809100704
1497.000,5210.000,20140816185528
2857.000,5210.000,20140816181846
2035.000,5210.000,20140816103032
894.000,5210.000,20140809100126
158.000,5236.000,20140809121409
1096.000,5245.000,20140816164929
291.000,5248.000,20140816173918
954.000,5248.000,20140816160248
954.000,5248.000,20140816155737
954.000,5248.000,20140816123053
1151.000,5248.000,20140816163153
1151.000,5248.000,20140816123426
1151.000,5248.000,20140816114042
1151.000,5248.000,20140816100632
1661.000,5248.000,20140816132022
1661.000,5248.000,20140816113123
568.000,5248.000,20140816191826
291.000,5248.000,20140809171309
291.000,5248.000,20140809141935
1034.000,5257.000,20140816191901
500.000,5257.000,20140816194929
2493.000,5257.000,20140809172056
663.000,5257.000,20140816123243
256.000,5257.000,20140809114631
2592.000,5286.000,20140816115442
895.000,5286.000,20140816175117
895.000,5286.000,20140809160958
374.000,5295.000,20140816133149
2222.000,5295.000,20140816141053
1854.000,5303.000,20140816170736
1190.000,5303.000,20140809103154
1854.000,5306.000,20140809150230
1854.000,5306.000,20140809113206
1854.000,5306.000,20140809132712
2134.000,5311.000,20140816175952
2134.000,5311.000,20140816164538
2706.000,5311.000,20140816100729
1858.000,5324.000,20140809175945
1149.000,5331.000,20140809183517
375.000,5331.000,20140809131639
375.000,5331.000,20140809120113
661.000,5331.000,20140809145416
661.000,5331.000,20140809135916
661.000,5331.000,20140809114750
651.000,5331.000,20140816145855
1149.000,5331.000,20140816173228
895.000,5331.000,20140816153725
660.000,5331.000,20140816135508
660.000,5331.000,20140816140426
660.000,5331.000,20140816152609
660.000,5331.000,20140816160645
660.000,5331.000,20140816180440
1149.000,5342.000,20140809114629
655.000,5388.000,20140816133338
595.000,5486.000,20140809175518
248.000,5486.000,20140816124440
196.000,5486.000,20140809170130
651.000,5502.000,20140809195004
651.000,5502.000,20140816190829
2222.000,5502.000,20140816180440
756.000,5502.000,20140816144322
453.000,5517.000,20140809151721
99.000,5517.000,20140816123423
927.000,5517.000,20140816145114
651.000,5540.000,20140816180541
465.000,5564.000,20140809145149
1765.000,5602.000,20140816151647
808.000,5602.000,20140809112024
1765.000,5618.000,20140809164439
1765.000,5618.000,20140809190149
1765.000,5618.000,20140809170530
1765.000,5618.000,20140809155707
1765.000,5618.000,20140809131638
2909.000,5654.000,20140809170040
572.000,5654.000,20140816184834
311.000,5654.000,20140816162424
1435.000,5669.000,20140816142612
172.000,5669.000,20140816175411
1196.000,5669.000,20140809152352
172.000,5669.000,20140809100811
2909.000,5683.000,20140809110322
808.000,5714.000,20140809120623
635.000,5714.000,20140816135840
1696.000,5714.000,20140809141112
1696.000,5714.000,20140816120941
1435.000,5714.000,20140816104100
1696.000,5714.000,20140816184624
1696.000,5714.000,20140816193219
1696.000,5714.000,20140816173307
1955.000,5714.000,20140816194626
1196.000,5736.000,20140809121626
42.000,5736.000,20140809163920
490.000,5736.000,20140809194410
635.000,5736.000,20140809154410
961.000,5736.000,20140809173723
634.000,5736.000,20140816190007
2100.000,5736.000,20140816173358
690.000,5736.000,20140816181217
2139.000,5736.000,20140816103544
1251.000,5736.000,20140816134556
1251.000,5736.000,20140816155213
634.000,5739.000,20140816181618
2886.000,5739.000,20140809121054
2768.000,5764.000,20140816110258
311.000,5786.000,20140809112024
172.000,5786.000,20140816191135
311.000,5786.000,20140809135529
284.000,5794.000,20140816130637
990.000,5836.000,20140809125546
157.000,5982.000,20140809110924
2898.000,5982.000,20140816111638
1838.000,5985.000,20140816125015
1725.000,6133.000,20140816105503
2784.000,6133.000,20140809162706
710.000,6157.000,20140809112525
710.000,6157.000,20140809175114
1565.000,6157.000,20140816115112
957.000,6157.000,20140816190923
710.000,6157.000,20140816135244
1319.000,6157.000,20140809194444
710.000,6157.000,20140809191525
2623.000,6210.000,20140816125732
2373.000,6210.000,20140809161342
2623.000,6210.000,20140816110023
2623.000,6210.000,20140816130118
2623.000,6210.000,20140816165915
2623.000,6210.000,20140816171148
552.000,6225.000,20140816132915
552.000,6225.000,20140816143425
1881.000,6225.000,20140816160905
552.000,6225.000,20140816163501
391.000,6225.000,20140816112613
391.000,6225.000,20140816120042
32.000,6229.000,20140816182418
1847.000,6270.000,20140816120520
1847.000,6270.000,20140816100010
2197.000,6270.000,20140816143852
562.000,6270.000,20140816121332
1226.000,6270.000,20140816114513
1003.000,6270.000,20140816183036
1556.000,6270.000,20140816185222
2383.000,6270.000,20140816193614
1846.000,6270.000,20140809182201
1529.000,6270.000,20140809175539
2197.000,6270.000,20140809132406
2218.000,6270.000,20140809163617
919.000,6270.000,20140809193112
1881.000,6312.000,20140809175328
684.000,6312.000,20140816145333
1517.000,6312.000,20140809100225
1096.000,6334.000,20140816185658
93.000,6472.000,20140816130556
467.000,6472.000,20140809120105
391.000,6472.000,20140809145601
2197.000,6472.000,20140809164350
2271.000,6472.000,20140816181650
2086.000,6472.000,20140816153008
851.000,6472.000,20140816114221
851.000,6472.000,20140816130731
851.000,6472.000,20140816145333
851.000,6472.000,20140816191632
1003.000,6472.000,20140816192540
1226.000,6472.000,20140816132232
1107.000,6472.000,20140816150745
1399.000,6472.000,20140816145817
552.000,6472.000,20140816122516
2197.000,6472.000,20140816155724
391.000,6472.000,20140816173559
2131.000,6484.000,20140816121526
2091.000,6515.000,20140816183000
2287.000,6542.000,20140816162649
1665.000,6542.000,20140816182649
2756.000,6542.000,20140809134655
2.000,6564.000,20140816140946
2.000,6564.000,20140816173347
465.000,6566.000,20140816180627
85.000,6570.000,20140809191258
968.000,6570.000,20140809182302
968.000,6570.000,20140809165031
1227.000,6570.000,20140809123442
1235.000,6570.000,20140809112449
85.000,6570.000,20140816131434
1235.000,6570.000,20140816155405
1235.000,6570.000,20140816133916
1235.000,6570.000,20140816103107
1622.000,6570.000,20140816110859
970.000,6570.000,20140816170146
1950.000,6570.000,20140809103416
1235.000,6570.000,20140809140701
1235.000,6570.000,20140809183922
1235.000,6570.000,20140809192800
968.000,6570.000,20140816160445
2215.000,6600.000,20140816104834
392.000,6638.000,20140809182819
392.000,6638.000,20140816174759
392.000,6638.000,20140809165843
310.000,6638.000,20140816175951
683.000,6638.000,20140816170110
683.000,6638.000,20140816103559
392.000,6662.000,20140816110756
1477.000,6662.000,20140816103926
1494.000,6662.000,20140816134756
1622.000,6662.000,20140816131230
2422.000,6662.000,20140809152457
479.000,6662.000,20140809162706
1222.000,6670.000,20140809125547
1222.000,6670.000,20140809154117
1665.000,6670.000,20140816105740
2383.000,6701.000,20140816185004
2895.000,6738.000,20140809120802
507.000,6738.000,20140816193802
473.000,6738.000,20140816170337
507.000,6738.000,20140816144010
2895.000,6738.000,20140809142624
1621.000,7068.000,20140816165818
1735.000,7068.000,20140816144350
2422.000,7068.000,20140809131117
1424.000,7077.000,20140816191255
1767.000,7095.000,20140816152217
1455.000,7095.000,20140816180452
2827.000,7141.000,20140816110750
2827.000,7141.000,20140809182008
915.000,7141.000,20140816180914
915.000,7141.000,20140816104850
2739.000,7155.000,20140809110400
976.000,7155.000,20140809132505
1665.000,7155.000,20140809172607
1222.000,7155.000,20140809102422
1630.000,7163.000,20140816150503
1554.000,7163.000,20140816121911
1554.000,7163.000,20140816144736
1554.000,7163.000,20140816180123
2022.000,7163.000,20140809112415
2756.000,7194.000,20140816163853
1732.000,7194.000,20140816101208
1222.000,7196.000,20140816190941
1732.000,7215.000,20140809142027
1557.000,7229.000,20140809163135
2149.000,7229.000,20140816152131
1429.000,7231.000,20140816135941
976.000,7231.000,20140809110402
976.000,7231.000,20140809174212
1359.000,7231.000,20140809194818
765.000,7231.000,20140816161743
1359.000,7231.000,20140809105622
2215.000,7231.000,20140809155908
677.000,7243.000,20140809100436
287.000,7243.000,20140809151658
1386.000,7243.000,20140816101011
85.000,7244.000,20140809122117
683.000,7247.000,20140816181833
1277.000,7247.000,20140816170329
25.000,7273.000,20140816141946
1633.000,7273.000,20140809165555
336.000,7275.000,20140809120454
431.000,7275.000,20140816190512
426.000,7275.000,20140816160944
94.000,7287.000,20140809160955
371.000,7300.000,20140816143913
822.000,7300.000,20140816152707
1130.000,7300.000,20140809145028
1510.000,7302.000,20140816170917
535.000,7302.000,20140816134614
520.000,7304.000,20140809104311
412.000,7304.000,20140816164644
664.000,7304.000,20140816100254
664.000,7304.000,20140816110625
701.000,7304.000,20140816115221
1513.000,7310.000,20140809182217
1923.000,7310.000,20140816121514
2164.000,7310.000,20140809145015
979.000,7312.000,20140809114649
822.000,7315.000,20140816141240
407.000,7315.000,20140809114907
1052.000,7315.000,20140816110746
908.000,7318.000,20140816171539
360.000,7318.000,20140809121814
2323.000,7318.000,20140816171205
2323.000,7318.000,20140816104821
336.000,7318.000,20140809140713
2611.000,7318.000,20140816184537
2689.000,7318.000,20140816115807
1825.000,7329.000,20140816145051
994.000,7342.000,20140809103502
1522.000,7342.000,20140809113516
1924.000,7342.000,20140816163854
778.000,7350.000,20140816112623
2720.000,7350.000,20140809105911
2720.000,7350.000,20140809121035
2720.000,7350.000,20140816181350
2.000,7352.000,20140809185936
24.000,7352.000,20140816165329
1387.000,7352.000,20140816175305
1838.000,7352.000,20140816111958
1840.000,7352.000,20140816133745
2640.000,7352.000,20140816175545
1056.000,7352.000,20140816151049
1107.000,7352.000,20140816110515
1177.000,7352.000,20140816160049
739.000,7352.000,20140816194305
2452.000,7352.000,20140816101414
2681.000,7352.000,20140816111751
2640.000,7352.000,20140809144055
1972.000,7356.000,20140816101653
1827.000,7356.000,20140809182318
547.000,7356.000,20140816194918
734.000,7360.000,20140816181945
734.000,7360.000,20140816133832
734.000,7360.000,20140816113232
734.000,7360.000,20140816101307
2.000,7363.000,20140816121417
1218.000,7363.000,20140816132542
2.000,7363.000,20140816114820
2583.000,7364.000,20140809183432
1448.000,7364.000,20140809115004
1149.000,7399.000,20140809145749
695.000,7483.000,20140816184310
695.000,7483.000,20140816124417
1529.000,7510.000,20140809150928
391.000,7510.000,20140809113429
428.000,7722.000,20140816133234
2542.000,7786.000,20140809191005
2748.000,7786.000,20140809122459
2831.000,7786.000,20140816195401
349.000,7786.000,20140816164222
2617.000,7786.000,20140816103545
1640.000,7786.000,20140816161320
2747.000,7786.000,20140816125052
2747.000,7786.000,20140816190454
2542.000,7786.000,20140809110637
2686.000,7786.000,20140816194511
1328.000,7855.000,20140816130837
244.000,7896.000,20140816173517
244.000,7896.000,20140816180206
244.000,7896.000,20140809174254
244.000,7896.000,20140816191150
1760.000,7896.000,20140816144254
2656.000,7897.000,20140816143752
17.000,7902.000,20140809153905
803.000,7902.000,20140816142406
770.000,7902.000,20140816181235
165.000,7910.000,20140809182630
1894.000,7913.000,20140816185121
244.000,7924.000,20140809193800
92.000,7924.000,20140816123909
1588.000,7932.000,20140809194027
1655.000,7935.000,20140816105258
1461.000,7946.000,20140809134118
426.000,7949.000,20140816184813
360.000,7949.000,20140809190059
360.000,7949.000,20140816174143
1530.000,7949.000,20140816105800
1530.000,7949.000,20140816120801
5.000,7950.000,20140816184339
1851.000,7955.000,20140816113517
620.000,7955.000,20140816184053
1102.000,7955.000,20140816143514
80.000,7955.000,20140809153554
1052.000,7955.000,20140809141351
767.000,7955.000,20140816121728
1404.000,7955.000,20140809183559
2104.000,7955.000,20140816115459
1825.000,7961.000,20140816101214
1550.000,7967.000,20140816175226
979.000,7967.000,20140809150045
1256.000,7978.000,20140809113057
2083.000,7978.000,20140809170121
1166.000,7980.000,20140809104022
475.000,7980.000,20140816105326
31.000,7981.000,20140809135307
162.000,7981.000,20140816102046
182.000,7987.000,20140809121531
224.000,7987.000,20140816151553
475.000,7996.000,20140816115244
475.000,7996.000,20140816131524
475.000,7996.000,20140816144819
2551.000,7996.000,20140816123706
2551.000,7996.000,20140816130842
475.000,7996.000,20140816173227
475.000,7996.000,20140816160432
1798.000,8005.000,20140816145848
1887.000,8005.000,20140816151731
806.000,8012.000,20140816153954
2827.000,8015.000,20140816190328
1951.000,8015.000,20140816164918
2216.000,8015.000,20140809143230
2216.000,8015.000,20140809152809
2760.000,8015.000,20140816180555
1652.000,8031.000,20140816163549
202.000,8034.000,20140816162327
1006.000,8042.000,20140816135140
1698.000,8042.000,20140816122710
653.000,8066.000,20140816182723
1824.000,8066.000,20140816111539
221.000,8066.000,20140816143601
784.000,8066.000,20140816104039
892.000,8066.000,20140816105029
1037.000,8066.000,20140816113410
1037.000,8066.000,20140816120646
711.000,8066.000,20140816150550
1185.000,8066.000,20140816113058
1185.000,8066.000,20140816125256
1734.000,8066.000,20140816102700
1734.000,8066.000,20140816144335
1734.000,8066.000,20140816183102
1495.000,8066.000,20140816152503
1814.000,8066.000,20140816150205
2492.000,8066.000,20140816174259
2492.000,8066.000,20140816190230
1644.000,8066.000,20140809132124
1824.000,8066.000,20140809132558
1922.000,8066.000,20140809105330
2529.000,8066.000,20140809125901
2839.000,8066.000,20140809192830
2642.000,8066.000,20140809192048
126.000,8066.000,20140809190205
653.000,8066.000,20140809130953
653.000,8066.000,20140809144122
1328.000,8100.000,20140816121554
1381.000,8134.000,20140816101217
936.000,8429.000,20140809151119
936.000,8429.000,20140809185307
936.000,8429.000,20140809131919
1089.000,8459.000,20140816160756
2614.000,8467.000,20140816100956
338.000,8506.000,20140809103100
1656.000,8506.000,20140809173317
338.000,8506.000,20140809130829
1583.000,8696.000,20140816144302
1583.000,8696.000,20140816171812
1583.000,8696.000,20140816110503
2651.000,8697.000,20140816102909
272.000,8697.000,20140816125558
1239.000,8697.000,20140816103553
2165.000,8709.000,20140816154340
1506.000,8723.000,20140816183656
542.000,8723.000,20140816182423
1526.000,8723.000,20140809155556
2347.000,8726.000,20140816135732
2769.000,8731.000,20140809131530
2769.000,8731.000,20140809112424
2431.000,8731.000,20140809112554
2769.000,8731.000,20140809123513
2431.000,8731.000,20140816101552
269.000,8731.000,20140809183851
1303.000,8734.000,20140816190500
1119.000,8775.000,20140816132238
1793.000,8794.000,20140816165429
1458.000,8812.000,20140816183604
1583.000,8822.000,20140816184311
1793.000,8822.000,20140816175317
1580.000,8838.000,20140809181613
1489.000,8838.000,20140816181712
805.000,8840.000,20140816165746
2060.000,8842.000,20140809142108
2340.000,8860.000,20140816144542
2340.000,8860.000,20140816192635
1188.000,8860.000,20140816115252
1188.000,8860.000,20140816130647
1415.000,8860.000,20140816182316
1390.000,8860.000,20140816111111
1390.000,8860.000,20140816154428
1390.000,8860.000,20140816193622
1348.000,8860.000,20140816114914
1698.000,8860.000,20140816105301
1163.000,8860.000,20140816152927
1418.000,8860.000,20140816133102
1005.000,8860.000,20140816122005
1005.000,8860.000,20140816153055
1005.000,8860.000,20140816161804
1005.000,8860.000,20140816170601
224.000,8860.000,20140816194841
402.000,8860.000,20140816112030
844.000,8860.000,20140816115004
1481.000,8860.000,20140816103757
1481.000,8860.000,20140816153443
1481.000,8860.000,20140816180024
1831.000,8860.000,20140816104718
2317.000,8860.000,20140816100416
2839.000,8860.000,20140816121636
504.000,8860.000,20140816150731
1290.000,8860.000,20140816120040
784.000,8860.000,20140809174132
855.000,8860.000,20140809143013
293.000,8860.000,20140809144602
293.000,8860.000,20140809194112
224.000,8860.000,20140809112558
83.000,8860.000,20140809174906
653.000,8860.000,20140809191119
1985.000,8860.000,20140809165658
1985.000,8860.000,20140809172428
1922.000,8860.000,20140809192112
2432.000,8860.000,20140809104013
2369.000,8860.000,20140809160358
2267.000,8860.000,20140809105344
2839.000,8860.000,20140809160550
2812.000,8860.000,20140809135808
1328.000,8860.000,20140809122542
1985.000,8860.000,20140809140745
1835.000,8860.000,20140816111034
1835.000,8860.000,20140816125836
1835.000,8860.000,20140816130525
1835.000,8860.000,20140816164545
1835.000,8860.000,20140816175907
2370.000,8860.000,20140816120334
2367.000,8860.000,20140816100352
2367.000,8860.000,20140816123911
2367.000,8860.000,20140816143401
2367.000,8860.000,20140816161346
2468.000,8860.000,20140816163400
2340.000,8860.000,20140816123100
1163.000,8872.000,20140809121705
1922.000,8872.000,20140816190856
341.000,8872.000,20140816173656
1922.000,8872.000,20140816142550
486.000,8887.000,20140816151208
1615.000,8888.000,20140816163809
295.000,8888.000,20140809122625
295.000,8888.000,20140809171757
295.000,8888.000,20140816165319
2008.000,8888.000,20140816163518
2642.000,8889.000,20140809183426
784.000,8912.000,20140809150504
2839.000,8912.000,20140816113255
1451.000,8931.000,20140816170705
1502.000,8944.000,20140809111325
1322.000,8944.000,20140809134729
190.000,8949.000,20140816165306
2135.000,8949.000,20140816115548
190.000,8949.000,20140816151331
2080.000,8972.000,20140809165531
269.000,8972.000,20140809152433
269.000,8972.000,20140809114242
648.000,8972.000,20140816162604
1549.000,8972.000,20140816161356
1147.000,8972.000,20140816185502
1147.000,8972.000,20140816130648
2340.000,8972.000,20140816164811
1615.000,8972.000,20140809135546
806.000,8977.000,20140816122008
1859.000,8978.000,20140809102816
1537.000,8978.000,20140809163638
2599.000,8978.000,20140809102848
1859.000,8978.000,20140809162721
636.000,8980.000,20140816100147
1915.000,8986.000,20140809191815
716.000,8996.000,20140816141322
1827.000,8996.000,20140809124600
1111.000,9006.000,20140809152400
1111.000,9006.000,20140809160733
1111.000,9006.000,20140809132501
246.000,9011.000,20140816182220
1109.000,9011.000,20140816181842
410.000,9011.000,20140816112527
2839.000,9015.000,20140816180127
2642.000,9020.000,20140809143509
1607.000,9023.000,20140816180623
2827.000,9023.000,20140816174116
2027.000,9026.000,20140809123815
2027.000,9026.000,20140809135640
1626.000,9026.000,20140816122558
2128.000,9026.000,20140809152034
1254.000,9026.000,20140816150351
1097.000,9027.000,20140816155008
2137.000,9027.000,20140816152801
1877.000,9034.000,20140816103422
1976.000,9034.000,20140816135219
2728.000,9034.000,20140816134535
1799.000,9035.000,20140816123541
94.000,9039.000,20140809174146
2869.000,9041.000,20140816123643
2656.000,9042.000,20140816105814
1216.000,9043.000,20140816142738
145.000,9043.000,20140809143004
1237.000,9043.000,20140809162633
2715.000,9049.000,20140816181109
1412.000,9049.000,20140816142237
1412.000,9049.000,20140816111326
709.000,9049.000,20140809122708
1087.000,9049.000,20140809191637
1834.000,9050.000,20140816162524
1745.000,9057.000,20140809195755
2304.000,9057.000,20140816142446
1448.000,9057.000,20140816180525
1745.000,9057.000,20140816125853
346.000,9059.000,20140816182147
1205.000,9060.000,20140809114502
835.000,9060.000,20140816135745
1853.000,9064.000,20140809131150
1616.000,9067.000,20140816191044
1103.000,9069.000,20140816150146
708.000,9069.000,20140809163242
2869.000,9072.000,20140816145637
2096.000,9072.000,20140809112056
1068.000,9072.000,20140816103715
2827.000,9072.000,20140816181721
2611.000,9072.000,20140816114558
45.000,9072.000,20140809153835
2869.000,9072.000,20140809145201
2323.000,9076.000,20140816143347
2749.000,9077.000,20140809120129
2052.000,9081.000,20140816164309
2435.000,9081.000,20140816132145
987.000,9082.000,20140809182102
925.000,9082.000,20140809181458
466.000,9082.000,20140809124157
1256.000,9086.000,20140809101523
2604.000,9086.000,20140816180315
759.000,9086.000,20140809155549
2603.000,9086.000,20140809135512
520.000,9089.000,20140816172109
2656.000,9089.000,20140816180259
1082.000,9089.000,20140816144027
1182.000,9089.000,20140816180953
1210.000,9089.000,20140816182129
1799.000,9089.000,20140816114913
1078.000,9089.000,20140816111222
778.000,9089.000,20140816160851
2720.000,9089.000,20140809170821
974.000,9090.000,20140816141752
898.000,9090.000,20140816153942
2555.000,9093.000,20140816113042
1469.000,9093.000,20140816101328
153.000,9093.000,20140809183102
24.000,9095.000,20140816140251
1588.000,9095.000,20140809154108
2420.000,9095.000,20140816161215
2250.000,9095.000,20140816140322
1199.000,9095.000,20140816142036
1540.000,9095.000,20140816170651
1891.000,9095.000,20140816134801
901.000,9095.000,20140816121955
775.000,9095.000,20140816182812
2601.000,9095.000,20140816113347
2601.000,9095.000,20140816185126
2601.000,9095.000,20140816193325
877.000,9095.000,20140816153934
1644.000,9095.000,20140816111521
1951.000,9095.000,20140816155811
24.000,9095.000,20140809113225
417.000,9095.000,20140809104201
2601.000,9095.000,20140809110531
1374.000,9096.000,20140816183805
2256.000,9096.000,20140816143431
512.000,9096.000,20140809111809
2256.000,9096.000,20140809125255
431.000,9102.000,20140809132336
1538.000,9102.000,20140816141915
2833.000,9102.000,20140816163841
1099.000,9104.000,20140816162733
1624.000,9104.000,20140816135212
2436.000,9104.000,20140816160347
1891.000,9104.000,20140816120708
1891.000,9104.000,20140816150335
2783.000,9110.000,20140816125025
857.000,9110.000,20140816101801
857.000,9110.000,20140816151030
857.000,9110.000,20140816180618
857.000,9110.000,20140816192649
1047.000,9112.000,20140816183800
656.000,9114.000,20140816160120
2824.000,9114.000,20140816132509
2824.000,9114.000,20140816191102
778.000,9114.000,20140816171210
1358.000,9114.000,20140809110316
17.000,9114.000,20140809125249
279.000,9116.000,20140816104856
1118.000,9116.000,20140816104256
1118.000,9116.000,20140816124042
2741.000,9119.000,20140816160846
1543.000,9119.000,20140816120708
468.000,9120.000,20140809164846
2873.000,9120.000,20140816153507
197.000,9121.000,20140816190244
732.000,9121.000,20140816101514
1908.000,9124.000,20140816185918
2385.000,9124.000,20140816133825
553.000,9124.000,20140809112442
2385.000,9124.000,20140809194010
545.000,9124.000,20140816153556
545.000,9124.000,20140816171149
708.000,9124.000,20140809170626
186.000,9124.000,20140809180339
1915.000,9127.000,20140809144442
2382.000,9127.000,20140816180943
999.000,9127.000,20140809162317
275.000,9127.000,20140809103515
8.000,9130.000,20140816103743
432.000,9130.000,20140816105303
417.000,9130.000,20140816140656
1598.000,9130.000,20140816182108
414.000,9130.000,20140809111135
1904.000,9130.000,20140809113705
2675.000,9130.000,20140816125643
1172.000,9130.000,20140809173232
2264.000,9130.000,20140816110515
2264.000,9130.000,20140816150747
2250.000,9130.000,20140816162230
2319.000,9134.000,20140809165556
2319.000,9135.000,20140816172958
519.000,9139.000,20140816104430
426.000,9139.000,20140816123623
426.000,9139.000,20140809152144
2737.000,9139.000,20140809110416
1461.000,9139.000,20140809153600
1670.000,9139.000,20140809141229
2323.000,9139.000,20140816162327
843.000,9139.000,20140809140428
2351.000,9142.000,20140816180439
459.000,9143.000,20140816175443
1617.000,9143.000,20140816161306
2467.000,9143.000,20140816133516
1482.000,9143.000,20140809105928
1082.000,9146.000,20140816124405
1082.000,9146.000,20140816134648
420.000,9147.000,20140816174345
2201.000,9147.000,20140816162551
1221.000,9147.000,20140809100306
168.000,9147.000,20140809105928
3.000,9149.000,20140816174505
178.000,9149.000,20140809190945
994.000,9149.000,20140809162500
1617.000,9151.000,20140816155748
499.000,9151.000,20140816105835
459.000,9151.000,20140816141330
182.000,9151.000,20140809162959
725.000,9151.000,20140816100618
1044.000,9151.000,20140816124555
1284.000,9151.000,20140816155652
2636.000,9151.000,20140816145346
2818.000,9151.000,20140816145519
1284.000,9151.000,20140809133706
67.000,9151.000,20140816183252
384.000,9152.000,20140816113716
2435.000,9155.000,20140809115942
550.000,9155.000,20140809132020
2752.000,9163.000,20140816192857
512.000,9163.000,20140816180111
497.000,9164.000,20140816131220
1094.000,9164.000,20140816153840
2696.000,9164.000,20140816131905
182.000,9164.000,20140809110734
2294.000,9164.000,20140816145936
497.000,9164.000,20140816110357
497.000,9164.000,20140816105021
497.000,9164.000,20140816124702
1216.000,9165.000,20140809103325
5.000,9165.000,20140816112153
2869.000,9165.000,20140816105658
644.000,9165.000,20140816162113
4.000,9165.000,20140816113848
2214.000,9170.000,20140809163127
1445.000,9170.000,20140809134745
2628.000,9170.000,20140816102058
1205.000,9170.000,20140816184506
1166.000,9170.000,20140816163001
413.000,9170.000,20140809153937
447.000,9173.000,20140816152451
2438.000,9175.000,20140816145849
813.000,9175.000,20140809143049
813.000,9175.000,20140809130738
2145.000,9175.000,20140816120255
2444.000,9180.000,20140809152627
994.000,9183.000,20140816154407
240.000,9183.000,20140809155112
819.000,9187.000,20140809160444
2535.000,9187.000,20140809190649
1963.000,9187.000,20140809181755
2765.000,9187.000,20140816120225
1357.000,9187.000,20140816154100
819.000,9187.000,20140816122420
1632.000,9187.000,20140816122000
595.000,9188.000,20140816152509
2634.000,9189.000,20140809141154
513.000,9194.000,20140809130707
513.000,9194.000,20140809143724
513.000,9194.000,20140809162119
513.000,9194.000,20140809175327
513.000,9194.000,20140809183332
513.000,9194.000,20140809194048
513.000,9194.000,20140809121435
513.000,9194.000,20140809114022
513.000,9194.000,20140809102317
513.000,9194.000,20140816193612
513.000,9194.000,20140816101434
513.000,9194.000,20140816124429
513.000,9194.000,20140816131135
513.000,9194.000,20140816182836
1086.000,9198.000,20140809145240
1785.000,9200.000,20140816143136
2144.000,9200.000,20140816184441
2471.000,9200.000,20140816122719
1785.000,9200.000,20140809102338
1785.000,9200.000,20140809172254
2800.000,9201.000,20140816143204
2800.000,9201.000,20140816165419
2800.000,9201.000,20140816190530
2276.000,9207.000,20140816150747
2628.000,9207.000,20140816110758
2466.000,9210.000,20140816125918
330.000,9211.000,20140816192945
822.000,9211.000,20140809124316
2759.000,9219.000,20140809115331
1874.000,9219.000,20140816140843
2645.000,9222.000,20140809123828
1461.000,9222.000,20140809113114
1161.000,9223.000,20140816113501
1161.000,9223.000,20140816120329
1247.000,9223.000,20140809192636
775.000,9225.000,20140816194813
774.000,9225.000,20140816101415
1014.000,9225.000,20140816164500
1535.000,9225.000,20140816134439
512.000,9225.000,20140816130750
639.000,9225.000,20140809194301
2759.000,9225.000,20140809150909
1302.000,9228.000,20140816185356
1302.000,9228.000,20140816192342
1486.000,9228.000,20140816173604
1383.000,9235.000,20140809104029
1383.000,9235.000,20140809140859
1698.000,9241.000,20140816132355
725.000,9241.000,20140816113219
1879.000,9241.000,20140816123007
237.000,9241.000,20140809190948
2741.000,9241.000,20140809164259
1278.000,9250.000,20140816115206
545.000,9250.000,20140816135938
2237.000,9250.000,20140816193854
809.000,9251.000,20140816104303
809.000,9251.000,20140816134308
925.000,9256.000,20140809141819
8.000,9256.000,20140809190154
592.000,9256.000,20140809132026
1086.000,9258.000,20140816110315
1088.000,9258.000,20140809194308
1177.000,9259.000,20140816191439
901.000,9259.000,20140816130620
2626.000,9259.000,20140816164835
2626.000,9259.000,20140816182513
636.000,9259.000,20140816134453
417.000,9259.000,20140816112916
1256.000,9259.000,20140816181003
2626.000,9259.000,20140809173434
1172.000,9259.000,20140809162232
746.000,9263.000,20140809140711
1140.000,9266.000,20140816154703
811.000,9270.000,20140809131441
2802.000,9270.000,20140809120840
2164.000,9271.000,20140816144225
2535.000,9271.000,20140816161203
1600.000,9271.000,20140809163912
2009.000,9273.000,20140816102246
447.000,9273.000,20140816162118
198.000,9273.000,20140809133751
2296.000,9274.000,20140816140444
2435.000,9274.000,20140809150657
1083.000,9277.000,20140809115226
1083.000,9277.000,20140809194345
1951.000,9279.000,20140816144958
723.000,9279.000,20140816150227
360.000,9280.000,20140809171854
371.000,9280.000,20140809182112
2761.000,9280.000,20140816181404
371.000,9280.000,20140809143832
371.000,9280.000,20140809131656
371.000,9280.000,20140809100809
371.000,9280.000,20140816164516
371.000,9280.000,20140816103654
736.000,9285.000,20140816100906
1068.000,9289.000,20140816113514
636.000,9289.000,20140816150652
871.000,9290.000,20140816101303
871.000,9290.000,20140816193032
1538.000,9290.000,20140816163324
835.000,9290.000,20140816173511
2695.000,9290.000,20140809150450
1538.000,9290.000,20140816134610
1522.000,9291.000,20140816131551
56.000,9291.000,20140809190833
2402.000,9292.000,20140816124716
624.000,9292.000,20140816145602
694.000,9292.000,20140816113725
2873.000,9296.000,20140816125000
1212.000,9296.000,20140816130323
475.000,9299.000,20140816192027
1599.000,9303.000,20140816172640
800.000,9303.000,20140816143335
797.000,9303.000,20140816172432
301.000,9303.000,20140809110624
2100.000,9303.000,20140809103634
431.000,9303.000,20140816115113
2438.000,9303.000,20140816124609
751.000,9303.000,20140816125427
1177.000,9303.000,20140816151149
1425.000,9303.000,20140816143115
449.000,9303.000,20140816172725
1503.000,9312.000,20140809170503
2599.000,9312.000,20140809151427
178.000,9315.000,20140816183644
422.000,9318.000,20140816105201
1632.000,9325.000,20140816144208
1798.000,9332.000,20140816164313
2681.000,9332.000,20140816182454
2398.000,9332.000,20140816175854
2518.000,9332.000,20140809112340
1827.000,9332.000,20140809140241
436.000,9332.000,20140809173641
147.000,9332.000,20140809125642
2414.000,9332.000,20140809175539
568.000,9332.000,20140816123602
876.000,9332.000,20140816111319
1658.000,9334.000,20140809173359
723.000,9337.000,20140816143310
866.000,9337.000,20140809192153
5.000,9337.000,20140816101800
2590.000,9337.000,20140816122449
67.000,9340.000,20140816145946
1925.000,9435.000,20140816103111
1925.000,9435.000,20140816185913
1920.000,9435.000,20140816150433
1920.000,9435.000,20140816123257
786.000,9450.000,20140809153917
492.000,9450.000,20140816165841
33.000,9450.000,20140816175259
2244.000,9450.000,20140816193426
1981.000,9457.000,20140809193443
1981.000,9457.000,20140809185845
90.000,9467.000,20140816190601
1800.000,9467.000,20140809171909
1512.000,9467.000,20140809142634
86.000,9467.000,20140809113450
428.000,9467.000,20140816165346
137.000,9515.000,20140816165733
1232.000,9515.000,20140809143448
2157.000,9515.000,20140816114745
582.000,9519.000,20140816151835
582.000,9519.000,20140816175524
1568.000,9519.000,20140809100832
2224.000,9519.000,20140809112029
90.000,9524.000,20140809194504
2262.000,9553.000,20140816152146
88.000,9553.000,20140809123325
1902.000,9553.000,20140816162328
2361.000,9553.000,20140809133623
2685.000,9567.000,20140816170304
503.000,9567.000,20140816150932
1157.000,9573.000,20140816144358
1015.000,9588.000,20140816104322
88.000,9596.000,20140809173851
88.000,9596.000,20140816101338
88.000,9596.000,20140816145056
88.000,9596.000,20140816155234
88.000,9596.000,20140809151807
1804.000,9596.000,20140816114751
1804.000,9596.000,20140816175947
1804.000,9596.000,20140809120302
1146.000,9596.000,20140809195327
2440.000,9596.000,20140816192553
88.000,9596.000,20140809145710
1804.000,9596.000,20140809170913
1804.000,9596.000,20140809160643
1804.000,9596.000,20140809153128
2440.000,9596.000,20140809142048
1804.000,9596.000,20140809133404
1804.000,9596.000,20140809141459
1487.000,9604.000,20140816130116
776.000,9627.000,20140816172021
776.000,9627.000,20140816185318
233.000,9646.000,20140816101935
2162.000,9647.000,20140809152558
2162.000,9647.000,20140809104516
1238.000,9652.000,20140809135311
1238.000,9652.000,20140809114606
743.000,9652.000,20140809174854
743.000,9652.000,20140809145529
743.000,9652.000,20140809135946
743.000,9652.000,20140809110525
746.000,9652.000,20140809182604
1217.000,9652.000,20140816130455
1868.000,9652.000,20140816183013
1868.000,9652.000,20140816175515
1868.000,9652.000,20140816152016
883.000,9652.000,20140816162130
883.000,9652.000,20140816144338
1784.000,9652.000,20140809191922
48.000,9657.000,20140809112300
785.000,9662.000,20140816185553
1292.000,9662.000,20140816175824
785.000,9662.000,20140809130238
2391.000,9687.000,20140809181348
548.000,9719.000,20140809143611
1827.000,9777.000,20140809112447
908.000,9777.000,20140816165214
2276.000,9788.000,20140816193412
139.000,9788.000,20140816135458
518.000,9788.000,20140816113920
518.000,9788.000,20140809175720
1624.000,9802.000,20140809141014
1624.000,9802.000,20140809133322
1707.000,9824.000,20140816162919
1384.000,9824.000,20140816155322
439.000,9843.000,20140816125445
7.000,9845.000,20140816191555
2349.000,9845.000,20140809105711
268.000,9845.000,20140809130427
1961.000,9855.000,20140809165744
2449.000,9858.000,20140816193458
937.000,9858.000,20140816180142
937.000,9858.000,20140816143341
2490.000,9858.000,20140816183141
2490.000,9858.000,20140816131742
2489.000,9858.000,20140816102820
2748.000,9858.000,20140809131310
2773.000,9866.000,20140809120244
2748.000,9866.000,20140809103030
2565.000,9866.000,20140809125119
2344.000,9866.000,20140816113135
439.000,9871.000,20140816174835
2858.000,9872.000,20140809131749
2858.000,9872.000,20140809183933
2858.000,9872.000,20140809140744
686.000,9872.000,20140816124939
2858.000,9872.000,20140816130510
760.000,9880.000,20140809141125
1167.000,9900.000,20140809161627
2464.000,9900.000,20140816135540
937.000,9900.000,20140816160153
940.000,9900.000,20140816174703
940.000,9900.000,20140816135938
1447.000,9900.000,20140816170826
1447.000,9900.000,20140809175236
2686.000,9900.000,20140816111645
2578.000,9900.000,20140816195340
1865.000,9900.000,20140816151308
1114.000,9915.000,20140816114049
2910.000,9917.000,20140816160524
2241.000,9922.000,20140816100734
2261.000,9922.000,20140816124417
439.000,9924.000,20140816103205
486.000,9952.000,20140816161543
2419.000,10087.000,20140816171757
2526.000,10329.000,20140816124136
2774.000,10374.000,20140809114731
2774.000,10375.000,20140809130935
538.000,10382.000,20140816154922
536.000,10382.000,20140816110944
536.000,10382.000,20140816133139
575.000,10382.000,20140816100108
575.000,10382.000,20140816123638
575.000,10382.000,20140816160326
1289.000,10382.000,20140816153306
1981.000,10395.000,20140816155817
1242.000,10406.000,20140816141630
2648.000,10408.000,20140809102527
1462.000,10413.000,20140809135143
1225.000,10431.000,20140816122534
973.000,10437.000,20140809124626
1029.000,10441.000,20140809121703
1261.000,10485.000,20140809155417
2315.000,10485.000,20140809141250
1853.000,10485.000,20140809125100
67.000,10490.000,20140809115753
459.000,10490.000,20140816121236
31.000,10494.000,20140816160718
2220.000,10494.000,20140809161944
1383.000,10494.000,20140816170831
2220.000,10494.000,20140809182048
186.000,10495.000,20140816185535
1315.000,10495.000,20140816133318
1053.000,10495.000,20140809171202
1645.000,10495.000,20140816190437
186.000,10495.000,20140809192502
186.000,10495.000,20140816195805
1258.000,10501.000,20140816154640
811.000,10501.000,20140816115044
1363.000,10503.000,20140809125217
1266.000,10503.000,20140809172236
2700.000,10503.000,20140816194334
147.000,10503.000,20140809114750
1263.000,10503.000,20140809171753
2640.000,10503.000,20140809120013
1266.000,10503.000,20140816140349
1266.000,10503.000,20140809163422
2632.000,10508.000,20140816145934
357.000,10508.000,20140809175108
534.000,10508.000,20140809191338
534.000,10508.000,20140809184105
534.000,10508.000,20140809162738
534.000,10508.000,20140809154811
534.000,10508.000,20140809141613
534.000,10508.000,20140809111739
2723.000,10508.000,20140809121208
917.000,10508.000,20140809110316
2318.000,10510.000,20140809105419
2318.000,10510.000,20140816100013
2318.000,10510.000,20140816122814
2318.000,10510.000,20140816170104
2318.000,10510.000,20140809113813
997.000,10515.000,20140809120145
1330.000,10534.000,20140809124727
2318.000,10534.000,20140809165039
2001.000,10534.000,20140816110755
1126.000,10534.000,20140816132710
2803.000,10554.000,20140809120845
692.000,10554.000,20140816110422
1616.000,10560.000,20140816114212
1647.000,10560.000,20140809152119
1409.000,10560.000,20140809142015
456.000,10560.000,20140816150951
249.000,10576.000,20140809161331
2658.000,10576.000,20140816112543
1934.000,10576.000,20140816144601
271.000,10576.000,20140816120153
2001.000,10595.000,20140816155856
2001.000,10595.000,20140816185832
2289.000,10595.000,20140816160021
2289.000,10595.000,20140816191417
322.000,10604.000,20140816131732
748.000,10604.000,20140816123226
76.000,10610.000,20140809175959
954.000,10610.000,20140809151801
1048.000,10610.000,20140809112335
2532.000,10610.000,20140816173722
2861.000,10610.000,20140816104321
2861.000,10610.000,20140816172420
2035.000,10610.000,20140816190246
291.000,10610.000,20140816165327
649.000,10610.000,20140816111851
1048.000,10610.000,20140816181935
2536.000,10610.000,20140809174332
663.000,10610.000,20140816142149
2221.000,10610.000,20140809180001
1796.000,10610.000,20140809161133
2848.000,10625.000,20140809140457
383.000,10634.000,20140816165915
1776.000,10635.000,20140816124439
403.000,10648.000,20140809193100
1190.000,10648.000,20140816115102
1190.000,10648.000,20140809170344
1190.000,10648.000,20140809122800
2619.000,10657.000,20140816165503
403.000,10657.000,20140816143754
2112.000,10665.000,20140816183751
2582.000,10665.000,20140816112558
2112.000,10665.000,20140816190322
2191.000,10679.000,20140809113606
2227.000,10679.000,20140816181925
2038.000,10679.000,20140816185726
1179.000,10746.000,20140809104838
17.000,10746.000,20140816121127
709.000,10761.000,20140816120624
2134.000,10770.000,20140816190208
1149.000,10774.000,20140809190641
483.000,10774.000,20140816185743
2564.000,10782.000,20140816135048
2324.000,10782.000,20140809171543
690.000,10799.000,20140816153654
207.000,10813.000,20140816110504
2878.000,10831.000,20140816174531
42.000,10831.000,20140809132154
42.000,10831.000,20140809153357
2878.000,10831.000,20140816184640
42.000,10831.000,20140809125447
808.000,10862.000,20140816125449
962.000,10863.000,20140809121820
808.000,10874.000,20140809172656
1211.000,10879.000,20140816115636
1211.000,10879.000,20140816164400
284.000,10879.000,20140816190436
2454.000,10879.000,20140816113727
808.000,10922.000,20140809132621
1988.000,10935.000,20140816112214
1406.000,10972.000,20140816163558
2115.000,10985.000,20140816133259
546.000,11011.000,20140816102659
1368.000,11011.000,20140816143542
2198.000,11011.000,20140816174124
1511.000,11019.000,20140816193800
988.000,11019.000,20140809182801
2833.000,11019.000,20140809100905
1885.000,11027.000,20140816152047
2019.000,11039.000,20140816174900
1621.000,11145.000,20140816105040
2780.000,11145.000,20140816103735
53.000,11180.000,20140816134857
265.000,11200.000,20140816151446
2471.000,11200.000,20140816133518
1522.000,11217.000,20140816140221
2711.000,11231.000,20140809182503
639.000,11251.000,20140816120346
1885.000,11273.000,20140809110235
1560.000,11274.000,20140816135234
130.000,11282.000,20140809153829
130.000,11282.000,20140809162158
130.000,11282.000,20140809100450
130.000,11282.000,20140809143614
130.000,11282.000,20140809133603
130.000,11282.000,20140809113112
130.000,11282.000,20140809181832
573.000,11297.000,20140809154639
831.000,11308.000,20140816171122
908.000,11315.000,20140816182723
2114.000,11315.000,20140809191243
2354.000,11315.000,20140816134216
2077.000,11327.000,20140809171741
1334.000,11327.000,20140809163252
1775.000,11327.000,20140816144214
1862.000,11327.000,20140816184129
945.000,11327.000,20140816181344
945.000,11385.000,20140816153129
597.000,11385.000,20140816121900
1862.000,11402.000,20140816174747
703.000,11437.000,20140816131304
1127.000,11449.000,20140816100329
278.000,11506.000,20140809125310
2779.000,11512.000,20140809174419
391.000,11512.000,20140809175024
919.000,11512.000,20140809114642
2146.000,11518.000,20140816154438
1517.000,11559.000,20140809144915
2568.000,11565.000,20140816194613
2568.000,11565.000,20140816170409
2409.000,11565.000,20140809172750
382.000,11574.000,20140816165522
1743.000,11574.000,20140816101254
60.000,11574.000,20140816110707
1743.000,11574.000,20140809125634
1743.000,11574.000,20140809194720
2574.000,11640.000,20140816124118
2838.000,11640.000,20140816185955
2838.000,11640.000,20140816164315
2838.000,11640.000,20140816155103
2612.000,11640.000,20140816123441
935.000,11640.000,20140809121000
935.000,11640.000,20140809145604
731.000,11640.000,20140809140753
2169.000,11640.000,20140816110520
2738.000,11640.000,20140816121117
1298.000,11640.000,20140809113730
1298.000,11640.000,20140809123339
1298.000,11640.000,20140809141308
1298.000,11640.000,20140809150929
1298.000,11640.000,20140809185527
1529.000,11640.000,20140809120938
1889.000,11640.000,20140809100810
2239.000,11640.000,20140809153517
2239.000,11640.000,20140809163128
2299.000,11640.000,20140809185117
731.000,11640.000,20140816155712
731.000,11640.000,20140816170543
1319.000,11640.000,20140816192817
981.000,11640.000,20140816103014
1593.000,11640.000,20140816155024
1593.000,11640.000,20140816161012
115.000,11640.000,20140816162745
115.000,11640.000,20140816180230
467.000,11640.000,20140816115321
467.000,11640.000,20140816132505
467.000,11640.000,20140816140311
467.000,11640.000,20140816155447
2612.000,11640.000,20140816113925
555.000,11654.000,20140816160228
1743.000,11658.000,20140809174153
2086.000,11658.000,20140816185817
1743.000,11658.000,20140816175141
151.000,11704.000,20140816154851
1809.000,11704.000,20140809104307
2086.000,11725.000,20140816164651
151.000,11759.000,20140809112041
1743.000,11759.000,20140816163854
1743.000,11759.000,20140809142008
1743.000,11759.000,20140809151931
2784.000,11759.000,20140809121517
2738.000,11759.000,20140816183547
1988.000,11777.000,20140816162159
1950.000,11825.000,20140809173136
1630.000,11848.000,20140816112843
2422.000,11849.000,20140816161150
2397.000,11849.000,20140816123807
1406.000,11849.000,20140816122757
2215.000,11850.000,20140809190050
310.000,11895.000,20140809160452
474.000,11899.000,20140816135329
1505.000,11902.000,20140809151550
829.000,11910.000,20140816142335
1108.000,11910.000,20140809171724
141.000,11930.000,20140809170203
2284.000,11931.000,20140816110608
579.000,11931.000,20140816164808
2284.000,11931.000,20140816193233
2118.000,11932.000,20140809112723
2118.000,11932.000,20140816165028
2446.000,11948.000,20140816163240
2711.000,11958.000,20140809125311
