USERID,INCOME,ENTERTAINMENT,BABY,GENDER,SHOPPING
1.000,3,1,0,2,2
2.000,2,5,0,1,5
3.000,3,3,0,1,9
4.000,2,1,1,2,2
5.000,2,6,0,1,5
6.000,2,1,1,2,2
7.000,2,1,1,2,2
8.000,2,4,0,1,6
9.000,2,3,0,2,7
10.000,1,2,0,1,3
11.000,2,1,0,1,7
12.000,1,5,0,1,6
13.000,2,1,0,1,8
14.000,2,1,1,2,7
15.000,2,1,1,2,2
16.000,3,2,0,2,9
17.000,1,2,1,1,5
18.000,2,3,0,2,2
19.000,2,6,0,1,5
20.000,1,1,0,2,5
21.000,1,1,0,2,3
22.000,2,1,0,2,8
23.000,1,5,0,1,6
24.000,2,6,0,1,5
25.000,2,1,0,1,5
26.000,2,1,0,2,8
27.000,3,3,0,2,2
28.000,2,2,0,2,6
29.000,2,2,0,2,10
30.000,3,3,0,1,9
31.000,2,7,0,2,8
32.000,3,3,0,1,9
33.000,2,1,1,2,2
34.000,3,3,0,1,9
35.000,2,2,0,1,4
36.000,2,6,0,1,2
37.000,3,3,0,1,9
38.000,3,3,0,1,9
39.000,1,2,0,2,8
40.000,1,4,0,1,8
41.000,1,3,0,1,2
42.000,2,1,1,2,7
43.000,1,1,0,2,6
44.000,2,4,0,1,1
45.000,2,1,1,2,7
46.000,1,2,0,1,2
47.000,3,3,0,1,9
48.000,2,1,1,2,2
49.000,2,1,1,2,7
50.000,2,3,0,2,2
51.000,3,4,0,2,6
52.000,3,1,0,1,1
53.000,2,1,1,2,2
54.000,2,1,0,2,1
55.000,2,2,0,1,2
56.000,2,1,1,2,2
57.000,1,3,0,2,1
58.000,3,5,0,2,9
59.000,3,3,0,1,9
60.000,2,1,1,2,2
61.000,1,4,0,2,4
62.000,2,1,0,2,5
63.000,2,6,0,1,4
64.000,3,3,0,1,9
65.000,3,3,0,1,9
66.000,1,3,0,2,7
67.000,2,1,1,2,2
68.000,3,6,0,2,6
69.000,3,3,0,1,9
70.000,3,3,0,1,9
71.000,2,1,0,1,5
72.000,3,3,0,1,9
73.000,3,5,0,2,7
74.000,3,2,0,1,5
75.000,3,6,0,1,4
76.000,2,1,1,2,2
77.000,1,5,0,1,5
78.000,1,6,0,1,9
79.000,3,3,0,1,9
80.000,2,2,0,1,5
81.000,2,3,0,1,7
82.000,3,5,0,1,7
83.000,2,1,1,2,7
84.000,2,5,0,1,6
85.000,3,3,0,1,9
86.000,2,1,1,2,7
87.000,3,1,0,2,3
88.000,2,1,1,2,7
89.000,2,4,0,2,8
90.000,2,1,1,2,2
91.000,3,6,0,2,2
92.000,2,2,0,1,5
93.000,3,3,0,1,9
94.000,1,2,1,1,5
95.000,3,6,0,2,5
96.000,2,3,0,2,8
97.000,3,3,0,1,9
98.000,3,3,0,1,9
99.000,3,3,0,1,9
100.000,3,1,0,2,10
101.000,1,1,0,1,5
102.000,1,4,0,2,8
103.000,3,2,0,1,6
104.000,1,3,0,2,5
105.000,3,3,0,1,9
106.000,3,5,0,1,1
107.000,1,2,0,1,8
108.000,1,2,0,1,2
109.000,1,3,0,1,10
110.000,3,3,0,1,9
111.000,3,1,0,2,4
112.000,1,5,0,2,3
113.000,1,4,0,1,9
114.000,3,3,0,1,9
115.000,2,1,1,2,2
116.000,3,1,0,2,8
117.000,3,3,0,1,9
118.000,3,1,0,1,10
119.000,2,1,0,1,4
120.000,3,2,0,2,10
121.000,3,4,0,2,4
122.000,2,1,0,2,9
123.000,3,4,0,1,9
124.000,1,4,0,2,3
125.000,1,1,0,2,2
126.000,2,1,1,2,2
127.000,3,3,0,1,9
128.000,3,3,0,1,9
129.000,1,5,0,2,5
130.000,2,1,1,2,2
131.000,3,5,0,2,3
132.000,1,1,1,2,1
133.000,3,3,0,1,9
134.000,2,1,0,1,5
135.000,1,5,0,2,9
136.000,3,5,0,1,6
137.000,2,3,1,2,8
138.000,2,1,0,1,5
139.000,2,1,1,2,2
140.000,1,6,0,2,5
141.000,3,3,0,1,9
142.000,2,1,0,1,5
143.000,1,5,0,1,1
144.000,1,2,0,1,6
145.000,2,1,1,2,2
146.000,3,3,0,2,9
147.000,2,1,1,2,2
148.000,3,3,0,1,9
149.000,2,2,0,1,8
150.000,3,2,0,1,6
151.000,2,1,1,2,2
152.000,3,3,0,1,9
153.000,2,1,1,2,2
154.000,3,3,0,1,9
155.000,1,6,0,2,8
156.000,3,3,0,1,9
157.000,3,3,0,1,9
158.000,3,3,0,1,9
159.000,2,5,0,1,4
160.000,3,3,0,1,9
161.000,2,4,0,2,1
162.000,2,7,0,1,5
163.000,3,6,0,2,10
164.000,1,4,0,2,10
165.000,2,2,0,1,5
166.000,2,1,1,2,2
167.000,3,3,0,1,9
168.000,2,2,0,2,4
169.000,2,4,0,1,4
170.000,1,3,0,1,4
171.000,3,3,0,1,9
172.000,3,3,0,1,9
173.000,3,3,0,1,9
174.000,2,4,0,2,2
175.000,1,4,0,1,1
176.000,2,1,1,2,7
177.000,2,1,0,1,5
178.000,3,3,0,1,9
179.000,3,5,0,1,3
180.000,3,1,0,1,9
181.000,2,4,0,1,10
182.000,1,2,1,1,5
183.000,2,4,0,1,10
184.000,3,6,0,1,8
185.000,2,1,1,2,2
186.000,2,1,1,2,2
187.000,2,1,0,2,3
188.000,2,1,1,2,7
189.000,3,3,0,2,8
190.000,2,1,1,2,2
191.000,3,1,0,2,3
192.000,3,1,0,2,4
193.000,3,2,0,2,3
194.000,3,3,0,1,9
195.000,3,3,0,1,10
196.000,3,3,0,1,9
197.000,2,1,1,2,2
198.000,2,1,1,2,7
199.000,1,6,0,1,4
200.000,3,3,0,1,9
201.000,3,4,0,1,10
202.000,2,1,1,2,2
203.000,1,3,0,1,4
204.000,1,2,1,1,5
205.000,2,6,0,2,8
206.000,3,3,0,2,3
207.000,2,1,1,2,2
208.000,3,3,0,1,9
209.000,3,4,0,1,7
210.000,2,1,1,2,2
211.000,2,5,0,2,1
212.000,1,6,0,2,6
213.000,1,6,0,2,3
214.000,1,3,0,2,5
215.000,3,1,0,2,8
216.000,2,1,0,2,9
217.000,2,5,0,2,6
218.000,1,1,0,2,7
219.000,3,1,0,2,4
220.000,3,6,0,2,6
221.000,2,1,1,2,7
222.000,1,3,0,1,5
223.000,3,2,0,1,9
224.000,1,2,1,1,5
225.000,3,2,0,1,1
226.000,2,2,0,1,5
227.000,2,5,0,1,2
228.000,2,3,0,2,7
229.000,2,1,0,2,8
230.000,3,1,0,2,3
231.000,3,3,0,2,8
232.000,1,1,0,2,5
233.000,2,1,1,2,2
234.000,1,3,0,2,8
235.000,3,5,0,2,10
236.000,2,2,0,1,5
237.000,2,1,1,2,2
238.000,3,3,0,1,9
239.000,2,1,1,2,2
240.000,2,1,1,2,2
241.000,3,2,0,2,3
242.000,3,5,0,1,5
243.000,2,1,0,1,5
244.000,2,1,0,1,5
245.000,3,2,0,2,8
246.000,2,1,1,2,2
247.000,3,3,0,1,9
248.000,3,3,0,1,9
249.000,2,1,1,2,2
250.000,3,1,0,1,6
251.000,3,3,0,1,9
252.000,2,1,0,1,10
253.000,3,5,0,2,9
254.000,1,2,0,2,8
255.000,3,3,0,1,9
256.000,3,3,0,1,9
257.000,1,2,0,2,8
258.000,2,5,0,1,3
259.000,2,2,0,1,1
260.000,2,1,0,1,5
261.000,3,6,0,1,2
262.000,2,3,0,2,2
263.000,1,2,0,2,6
264.000,3,3,0,1,9
265.000,2,1,1,2,2
266.000,2,3,0,2,6
267.000,3,3,0,1,9
268.000,2,1,1,2,2
269.000,2,1,1,2,2
270.000,2,1,0,2,10
271.000,2,1,1,2,2
272.000,2,1,1,2,2
273.000,2,2,0,2,7
274.000,2,3,0,2,5
275.000,2,6,0,1,5
276.000,2,1,1,2,2
277.000,3,2,0,1,3
278.000,2,1,1,2,7
279.000,2,1,1,2,2
280.000,2,2,0,1,1
281.000,3,3,0,1,9
282.000,3,1,0,1,2
283.000,3,3,0,1,9
284.000,2,1,1,2,7
285.000,2,1,1,2,2
286.000,2,6,0,2,4
287.000,3,3,0,1,9
288.000,1,1,1,2,1
289.000,2,1,1,2,2
290.000,3,3,0,1,9
291.000,2,1,1,2,7
292.000,2,2,0,1,6
293.000,2,6,0,1,5
294.000,3,1,0,1,1
295.000,2,1,1,2,2
296.000,1,1,0,2,5
297.000,2,6,0,2,8
298.000,3,3,0,1,9
299.000,3,2,0,2,1
300.000,3,3,0,2,9
301.000,2,1,1,2,2
302.000,1,5,0,2,2
303.000,1,2,0,2,5
304.000,1,4,0,2,1
305.000,1,1,0,2,1
306.000,3,4,0,1,7
307.000,1,3,0,1,7
308.000,1,5,0,2,4
309.000,2,2,0,2,9
310.000,2,1,1,2,7
311.000,3,3,0,1,9
312.000,1,4,0,1,3
313.000,2,1,1,2,2
314.000,3,5,0,2,4
315.000,2,1,0,1,9
316.000,2,4,0,2,6
317.000,3,3,0,1,4
318.000,2,6,0,2,6
319.000,1,5,0,2,3
320.000,1,6,0,2,9
321.000,3,6,0,2,9
322.000,2,1,1,2,2
323.000,1,2,0,2,5
324.000,2,6,0,2,1
325.000,1,1,0,2,8
326.000,2,2,0,2,9
327.000,2,5,0,2,2
328.000,3,3,0,1,9
329.000,3,3,0,1,9
330.000,2,1,1,2,7
331.000,3,3,0,1,9
332.000,2,6,0,1,9
333.000,1,3,0,1,8
334.000,1,3,0,1,5
335.000,2,6,0,1,1
336.000,2,1,0,1,5
337.000,3,3,0,1,9
338.000,2,1,1,2,2
339.000,1,1,0,2,1
340.000,1,5,0,2,9
341.000,2,1,1,2,2
342.000,1,3,0,2,8
343.000,2,1,0,1,1
344.000,3,6,0,1,9
345.000,2,4,0,2,2
346.000,2,1,1,2,2
347.000,3,5,0,1,8
348.000,3,1,0,1,2
349.000,2,2,0,1,5
350.000,3,3,0,1,7
351.000,2,6,0,2,9
352.000,3,6,0,1,9
353.000,2,3,0,2,5
354.000,3,3,0,1,4
355.000,3,5,0,1,8
356.000,2,5,0,1,1
357.000,1,1,1,2,1
358.000,3,3,0,1,6
359.000,1,5,0,1,4
360.000,1,2,1,1,5
361.000,2,6,0,2,10
362.000,3,3,0,1,9
363.000,3,3,0,1,9
364.000,3,2,0,2,9
365.000,1,5,0,2,2
366.000,1,4,0,2,6
367.000,2,3,0,2,9
368.000,1,5,0,2,1
369.000,2,3,0,2,6
370.000,3,5,0,2,7
371.000,2,1,1,2,2
372.000,3,4,0,2,1
373.000,1,5,0,1,6
374.000,3,3,0,1,9
375.000,3,3,0,1,9
376.000,1,3,0,1,1
377.000,3,6,0,1,9
378.000,2,1,0,1,7
379.000,1,2,1,1,5
380.000,3,4,0,1,7
381.000,2,6,0,2,3
382.000,2,1,1,2,2
383.000,2,1,1,2,7
384.000,2,1,1,2,2
385.000,1,4,0,1,4
386.000,2,3,0,1,5
387.000,3,3,0,1,9
388.000,1,5,0,2,5
389.000,2,1,0,2,7
390.000,1,1,0,2,3
391.000,2,6,0,1,5
392.000,3,3,0,1,9
393.000,2,1,0,2,6
394.000,1,4,0,2,5
395.000,3,5,0,2,9
396.000,3,1,0,2,3
397.000,3,3,0,1,9
398.000,2,3,0,2,9
399.000,2,4,0,2,6
400.000,2,5,0,2,6
401.000,1,1,0,2,4
402.000,2,1,1,2,2
403.000,1,2,0,1,5
404.000,2,1,1,2,7
405.000,2,4,0,2,1
406.000,3,4,0,1,8
407.000,2,2,0,1,5
408.000,2,5,0,2,1
409.000,3,3,0,1,9
410.000,1,2,1,1,5
411.000,3,1,0,2,3
412.000,2,1,0,1,5
413.000,2,1,1,2,2
414.000,3,3,0,1,9
415.000,3,6,0,2,9
416.000,2,4,0,1,10
417.000,3,1,0,1,6
418.000,3,2,0,1,5
419.000,2,1,1,2,2
420.000,1,1,1,2,1
421.000,1,3,0,1,2
422.000,2,1,1,2,2
423.000,2,2,0,2,4
424.000,2,3,0,1,1
425.000,1,1,0,1,9
426.000,2,6,0,1,5
427.000,2,2,0,1,5
428.000,1,2,1,1,5
429.000,2,2,0,2,10
430.000,2,1,0,1,8
431.000,2,6,0,1,5
432.000,3,3,0,1,9
433.000,3,3,0,1,9
434.000,1,3,0,1,8
435.000,1,4,0,2,6
436.000,2,1,1,2,2
437.000,3,2,0,2,5
438.000,2,7,0,1,5
439.000,2,1,1,2,7
440.000,2,1,0,2,10
441.000,2,5,0,1,1
442.000,2,3,0,1,8
443.000,1,1,0,2,2
444.000,3,3,0,1,9
445.000,2,1,0,2,10
446.000,2,5,0,2,3
447.000,2,1,1,2,2
448.000,2,4,0,1,3
449.000,2,1,1,2,2
450.000,2,1,1,2,7
451.000,2,3,0,2,1
452.000,3,3,0,2,1
453.000,3,3,0,1,9
454.000,1,4,0,1,8
455.000,1,3,0,1,7
456.000,2,1,1,2,7
457.000,1,2,0,1,6
458.000,2,6,0,1,9
459.000,2,1,1,2,2
460.000,1,2,0,1,4
461.000,3,3,0,2,1
462.000,1,6,0,2,4
463.000,1,2,0,1,3
464.000,2,5,0,1,8
465.000,3,3,0,1,9
466.000,2,1,1,2,2
467.000,2,1,1,2,7
468.000,2,1,1,2,7
469.000,1,3,0,2,3
470.000,2,3,0,2,6
471.000,2,6,0,2,9
472.000,3,2,0,2,1
473.000,2,2,0,1,5
474.000,2,1,1,2,2
475.000,3,1,0,1,5
476.000,3,3,0,2,10
477.000,1,3,0,2,1
478.000,3,3,0,1,9
479.000,3,3,0,1,9
480.000,3,1,0,1,5
481.000,2,3,0,1,6
482.000,1,5,0,1,1
483.000,2,1,1,2,2
484.000,3,3,0,1,9
485.000,3,3,0,1,9
486.000,2,1,1,2,2
487.000,3,5,0,1,3
488.000,1,1,0,1,10
489.000,1,1,0,2,5
490.000,3,3,0,1,9
491.000,1,3,0,1,8
492.000,1,2,1,1,5
493.000,2,6,0,1,2
494.000,2,1,0,1,5
495.000,1,3,0,1,9
496.000,2,2,0,1,5
497.000,2,1,1,2,2
498.000,1,1,0,2,4
499.000,2,1,1,2,2
500.000,3,3,0,1,9
501.000,1,3,0,2,6
502.000,2,5,0,2,4
503.000,2,1,1,2,2
504.000,2,1,1,2,7
505.000,1,5,0,2,6
506.000,1,4,0,2,9
507.000,3,3,0,1,9
508.000,3,6,0,2,7
509.000,2,6,0,1,2
510.000,2,3,0,1,10
511.000,3,3,0,1,9
512.000,2,1,1,2,7
513.000,2,1,1,2,2
514.000,3,5,0,1,10
515.000,1,1,0,1,7
516.000,3,1,0,2,3
517.000,2,1,0,1,5
518.000,2,1,1,2,7
519.000,2,1,1,2,2
520.000,1,2,1,1,5
521.000,3,1,0,1,4
522.000,2,5,0,1,8
523.000,1,3,0,2,4
524.000,1,5,0,2,7
525.000,2,3,0,2,8
526.000,3,1,0,2,3
527.000,3,2,0,1,5
528.000,2,3,0,2,9
529.000,1,3,0,2,7
530.000,1,6,0,2,1
531.000,3,3,0,1,9
532.000,1,2,0,2,7
533.000,3,6,0,2,5
534.000,1,2,1,2,4
535.000,1,2,1,1,5
536.000,2,1,1,2,2
537.000,3,3,0,2,8
538.000,2,1,1,2,7
539.000,3,2,0,2,5
540.000,3,4,0,2,10
541.000,3,3,0,1,1
542.000,2,1,1,2,2
543.000,1,4,0,1,10
544.000,2,2,0,1,2
545.000,1,2,0,1,5
546.000,2,1,1,2,2
547.000,2,2,0,1,5
548.000,2,1,1,2,2
549.000,3,1,0,1,5
550.000,2,1,1,2,7
551.000,2,6,0,1,3
552.000,3,3,0,1,9
553.000,2,6,0,1,5
554.000,2,1,0,1,2
555.000,2,1,1,2,2
556.000,3,6,0,1,1
557.000,2,1,0,1,7
558.000,3,3,0,1,9
559.000,3,3,0,1,9
560.000,2,1,0,1,9
561.000,3,1,0,1,10
562.000,2,1,1,2,7
563.000,3,3,0,2,7
564.000,2,3,0,2,8
565.000,3,3,0,1,9
566.000,2,5,0,2,9
567.000,3,3,0,1,9
568.000,2,1,1,2,7
569.000,3,2,0,2,2
570.000,3,1,0,2,6
571.000,1,5,0,2,5
572.000,3,3,0,1,9
573.000,2,1,1,2,7
574.000,1,4,0,2,4
575.000,2,1,1,2,7
576.000,2,1,0,1,10
577.000,1,4,0,1,6
578.000,2,5,0,2,3
579.000,2,1,1,2,2
580.000,2,2,0,1,8
581.000,1,5,0,1,8
582.000,2,1,1,2,7
583.000,2,1,1,2,2
584.000,2,4,0,1,10
585.000,3,3,0,1,9
586.000,3,3,0,1,9
587.000,1,2,0,1,4
588.000,3,1,0,2,1
589.000,2,1,1,2,2
590.000,2,3,0,1,8
591.000,1,3,0,1,3
592.000,2,1,1,2,2
593.000,2,1,1,2,2
594.000,3,2,0,1,9
595.000,2,6,0,1,5
596.000,3,6,0,2,5
597.000,2,1,1,2,7
598.000,2,1,1,2,2
599.000,1,4,0,1,8
600.000,1,3,0,2,5
601.000,1,1,0,2,8
602.000,2,4,0,1,3
603.000,2,2,0,1,4
604.000,2,3,0,2,7
605.000,2,3,0,2,3
606.000,2,3,0,2,3
607.000,3,3,0,1,9
608.000,2,4,0,2,3
609.000,3,1,0,1,1
610.000,1,5,0,1,6
611.000,2,2,0,1,5
612.000,3,3,0,1,9
613.000,3,3,0,1,9
614.000,3,3,0,1,6
615.000,3,2,0,2,2
616.000,2,2,0,1,5
617.000,2,2,0,2,9
618.000,3,3,0,1,9
619.000,1,5,0,2,3
620.000,2,1,0,1,5
621.000,2,3,0,2,1
622.000,2,5,0,1,9
623.000,3,3,0,2,3
624.000,2,1,1,2,2
625.000,3,1,0,2,4
626.000,2,6,0,2,4
627.000,3,6,0,1,4
628.000,2,1,0,1,5
629.000,2,3,0,2,10
630.000,1,5,0,2,7
631.000,1,1,0,2,1
632.000,3,3,0,1,9
633.000,2,2,0,2,1
634.000,3,3,0,1,9
635.000,3,3,0,1,9
636.000,2,1,1,2,2
637.000,2,5,0,1,3
638.000,2,2,0,1,2
639.000,2,1,1,2,2
640.000,2,1,0,1,1
641.000,3,3,0,1,9
642.000,2,3,0,2,7
643.000,2,6,0,1,8
644.000,2,1,1,2,2
645.000,1,3,0,1,5
646.000,3,3,0,2,1
647.000,3,5,0,2,5
648.000,2,1,1,2,2
649.000,2,1,1,2,2
650.000,2,3,0,1,6
651.000,3,3,0,1,9
652.000,2,4,0,1,4
653.000,2,1,1,2,7
654.000,2,6,0,2,8
655.000,3,3,0,1,9
656.000,2,6,0,1,6
657.000,3,1,0,1,1
658.000,1,3,0,2,2
659.000,2,5,0,2,7
660.000,2,2,0,1,5
661.000,3,3,0,1,9
662.000,1,4,0,2,4
663.000,2,1,1,2,7
664.000,2,1,0,1,5
665.000,2,6,0,2,9
666.000,2,1,1,2,2
667.000,1,4,0,2,4
668.000,2,4,0,2,9
669.000,3,3,0,1,9
670.000,2,1,1,2,2
671.000,3,6,0,2,1
672.000,3,1,0,2,2
673.000,2,1,0,1,5
674.000,3,3,0,1,9
675.000,2,1,0,1,6
676.000,1,4,0,1,8
677.000,3,3,0,1,9
678.000,3,6,0,1,2
679.000,1,2,0,1,4
680.000,3,3,0,1,9
681.000,3,4,0,1,2
682.000,1,3,0,1,3
683.000,3,3,0,1,9
684.000,3,3,0,1,9
685.000,3,3,0,1,9
686.000,2,1,1,2,2
687.000,3,3,0,1,9
688.000,2,2,0,1,4
689.000,1,1,0,2,1
690.000,2,3,1,2,8
691.000,2,2,0,2,4
692.000,2,1,1,2,2
693.000,3,4,0,2,1
694.000,2,1,1,2,2
695.000,2,1,0,1,5
696.000,1,3,0,2,3
697.000,3,4,0,2,8
698.000,2,1,0,2,7
699.000,2,5,0,2,5
700.000,1,4,0,2,2
701.000,2,1,0,1,5
702.000,1,6,0,2,10
703.000,2,1,1,2,7
704.000,3,6,0,1,8
705.000,2,1,1,2,2
706.000,2,1,0,2,6
707.000,3,3,0,1,9
708.000,1,2,1,1,5
709.000,2,1,1,2,7
710.000,3,3,0,1,9
711.000,2,1,1,2,2
712.000,2,4,0,1,5
713.000,2,6,0,1,6
714.000,3,4,0,1,7
715.000,2,1,1,2,2
716.000,2,1,1,2,2
717.000,3,3,0,1,9
718.000,3,4,0,1,5
719.000,3,3,0,1,9
720.000,3,3,0,1,9
721.000,2,1,1,2,2
722.000,3,3,0,1,9
723.000,2,1,1,2,7
724.000,3,1,0,2,9
725.000,2,6,0,1,5
726.000,3,1,0,2,8
727.000,2,4,0,2,9
728.000,3,2,0,1,8
729.000,3,3,0,1,9
730.000,2,6,0,2,7
731.000,2,1,1,2,2
732.000,2,1,1,2,7
733.000,2,1,0,1,5
734.000,2,7,0,1,5
735.000,2,5,0,1,6
736.000,2,1,1,2,2
737.000,1,4,0,2,5
738.000,2,2,0,2,4
739.000,2,1,0,1,5
740.000,3,2,0,2,8
741.000,2,4,0,2,4
742.000,3,5,0,1,2
743.000,2,1,1,2,2
744.000,2,3,0,2,6
745.000,2,1,1,2,2
746.000,2,1,1,2,2
747.000,3,3,0,1,9
748.000,2,1,1,2,2
749.000,3,5,0,2,8
750.000,2,6,0,1,4
751.000,2,1,1,2,2
752.000,2,1,1,2,2
753.000,2,1,0,2,7
754.000,2,1,1,2,2
755.000,3,3,0,1,9
756.000,3,3,0,1,9
757.000,3,3,0,1,9
758.000,1,6,0,1,10
759.000,2,1,1,2,2
760.000,2,6,0,1,5
761.000,2,6,0,2,5
762.000,1,3,0,2,8
763.000,2,1,0,1,5
764.000,1,1,0,2,10
765.000,2,1,1,2,7
766.000,3,3,0,1,9
767.000,2,6,0,1,5
768.000,2,2,0,1,5
769.000,1,3,0,1,10
770.000,2,2,0,1,5
771.000,3,1,0,1,7
772.000,3,3,0,1,9
773.000,3,3,0,1,9
774.000,2,1,1,2,2
775.000,2,1,1,2,2
776.000,1,1,1,2,1
777.000,1,1,0,1,9
778.000,1,2,1,1,5
779.000,2,3,0,1,1
780.000,1,1,0,1,4
781.000,3,3,0,1,9
782.000,2,5,0,1,8
783.000,3,2,0,1,3
784.000,2,1,1,2,2
785.000,2,1,1,2,7
786.000,2,1,1,2,2
787.000,1,6,0,1,3
788.000,3,3,0,1,9
789.000,2,4,0,2,4
790.000,3,4,0,1,2
791.000,3,2,0,2,5
792.000,3,1,0,2,6
793.000,3,1,0,2,5
794.000,3,2,0,1,6
795.000,3,2,0,2,3
796.000,2,3,0,2,3
797.000,2,1,1,2,2
798.000,2,4,0,2,9
799.000,3,3,0,1,9
800.000,2,1,1,2,2
801.000,3,1,0,2,9
802.000,2,5,0,2,1
803.000,2,1,0,1,5
804.000,3,3,0,1,9
805.000,1,2,1,2,4
806.000,2,4,0,1,6
807.000,1,3,0,2,9
808.000,2,1,1,2,7
809.000,2,1,1,2,2
810.000,1,2,0,2,6
811.000,1,2,1,1,5
812.000,2,2,0,1,3
813.000,2,1,1,2,2
814.000,2,2,0,1,8
815.000,1,6,0,2,8
816.000,3,1,0,1,5
817.000,3,2,0,1,6
818.000,2,4,0,1,10
819.000,2,1,1,2,2
820.000,2,5,0,1,10
821.000,3,4,0,2,2
822.000,1,2,1,1,5
823.000,3,1,0,2,9
824.000,1,3,0,2,7
825.000,2,5,0,1,5
826.000,2,5,0,2,1
827.000,1,6,0,2,6
828.000,3,3,0,1,9
829.000,2,1,1,2,2
830.000,1,6,0,1,6
831.000,2,1,1,2,2
832.000,3,4,0,1,6
833.000,1,6,0,1,5
834.000,1,5,0,2,1
835.000,2,1,1,2,2
836.000,3,1,0,2,1
837.000,3,5,0,2,9
838.000,3,4,0,2,4
839.000,2,6,0,2,7
840.000,1,4,0,2,2
841.000,2,3,0,2,1
842.000,1,6,0,2,4
843.000,2,1,1,2,2
844.000,2,1,1,2,2
845.000,3,2,0,2,2
846.000,2,4,0,2,8
847.000,1,6,0,1,9
848.000,3,2,0,1,7
849.000,3,3,0,1,9
850.000,1,2,1,1,5
851.000,3,3,0,1,9
852.000,1,6,0,1,2
853.000,1,6,0,2,6
854.000,2,2,0,1,5
855.000,2,1,1,2,2
856.000,1,2,0,2,4
857.000,2,1,1,2,2
858.000,2,1,0,1,6
859.000,2,6,0,1,3
860.000,3,5,0,1,8
861.000,3,5,0,1,9
862.000,1,1,0,1,7
863.000,3,2,0,1,7
864.000,1,6,0,1,1
865.000,3,6,0,1,5
866.000,2,1,1,2,2
867.000,1,6,0,1,7
868.000,2,1,0,2,1
869.000,3,3,0,2,6
870.000,3,1,0,2,4
871.000,2,1,1,2,2
872.000,2,3,0,2,4
873.000,1,6,0,1,10
874.000,3,4,0,2,7
875.000,3,2,0,2,7
876.000,2,1,1,2,2
877.000,2,1,1,2,2
878.000,2,1,0,1,5
879.000,2,3,0,1,1
880.000,1,6,0,1,5
881.000,1,6,0,2,6
882.000,2,6,0,2,3
883.000,2,1,1,2,2
884.000,2,3,0,2,4
885.000,2,5,0,2,1
886.000,2,1,0,1,1
887.000,3,3,0,1,7
888.000,2,5,0,1,3
889.000,3,2,0,1,7
890.000,2,6,0,1,3
891.000,1,2,0,1,5
892.000,2,1,1,2,2
893.000,2,5,0,2,6
894.000,3,3,0,1,9
895.000,3,3,0,1,9
896.000,3,3,0,1,9
897.000,2,1,0,1,4
898.000,2,1,1,2,7
899.000,2,1,1,2,2
900.000,1,2,0,1,1
901.000,3,3,0,1,9
902.000,2,2,0,1,4
903.000,1,3,0,1,9
904.000,2,1,0,1,9
905.000,3,1,0,2,4
906.000,2,5,0,1,1
907.000,1,6,0,1,5
908.000,1,1,0,1,2
909.000,2,6,0,2,1
910.000,1,1,0,2,1
911.000,3,6,0,2,2
912.000,2,5,0,2,6
913.000,1,1,0,2,8
914.000,1,2,0,2,9
915.000,3,3,0,1,9
916.000,3,3,0,1,9
917.000,1,1,1,2,1
918.000,1,1,0,2,9
919.000,2,1,1,2,7
920.000,2,5,0,1,8
921.000,1,3,0,2,7
922.000,3,5,0,2,4
923.000,1,6,0,1,7
924.000,1,1,0,1,2
925.000,2,1,1,2,2
926.000,3,3,0,1,9
927.000,3,3,0,1,9
928.000,2,2,0,2,5
929.000,2,4,0,1,6
930.000,2,1,1,2,7
931.000,3,2,0,1,3
932.000,2,5,0,1,4
933.000,3,2,0,1,6
934.000,3,3,0,1,9
935.000,2,1,1,2,2
936.000,2,1,1,2,2
937.000,1,2,0,1,5
938.000,1,4,0,2,8
939.000,2,6,0,2,5
940.000,1,2,1,2,4
941.000,2,1,0,2,10
942.000,1,4,0,1,5
943.000,3,4,0,1,10
944.000,3,3,0,1,4
945.000,2,1,1,2,2
946.000,2,1,0,1,5
947.000,3,6,0,2,6
948.000,2,1,0,1,1
949.000,2,2,0,2,6
950.000,2,3,0,2,1
951.000,2,1,0,2,10
952.000,2,1,1,2,2
953.000,3,6,0,1,2
954.000,2,1,1,2,7
955.000,1,1,0,1,4
956.000,1,6,0,1,1
957.000,3,3,0,1,9
958.000,2,6,0,1,9
959.000,2,5,0,2,10
960.000,2,2,0,2,1
961.000,3,3,0,1,9
962.000,2,1,1,2,2
963.000,2,4,0,1,5
964.000,2,1,0,1,8
965.000,3,3,0,1,2
966.000,2,1,0,2,4
967.000,1,3,0,1,4
968.000,3,3,0,1,9
969.000,1,1,0,1,3
970.000,3,3,0,1,9
971.000,1,5,0,1,2
972.000,1,5,0,1,4
973.000,2,1,1,2,2
974.000,2,1,1,2,2
975.000,2,2,0,1,5
976.000,3,3,0,1,9
977.000,1,6,0,2,2
978.000,1,1,1,2,1
979.000,2,1,0,1,5
980.000,3,6,0,2,6
981.000,2,1,1,2,2
982.000,3,5,0,1,7
983.000,1,1,0,1,1
984.000,1,3,0,1,10
985.000,1,5,0,2,2
986.000,2,1,1,2,2
987.000,2,1,1,2,7
988.000,2,1,1,2,7
989.000,1,1,0,2,2
990.000,3,3,0,1,9
991.000,2,6,0,2,7
992.000,2,1,1,2,2
993.000,3,6,0,1,4
994.000,2,4,0,1,6
995.000,3,1,0,1,8
996.000,3,1,0,2,3
997.000,2,1,1,2,2
998.000,1,2,0,1,5
999.000,2,1,1,2,2
1000.000,3,3,0,1,9
1001.000,3,3,0,1,9
1002.000,1,3,0,1,6
1003.000,3,3,0,1,9
1004.000,3,6,0,1,7
1005.000,2,1,1,2,2
1006.000,2,1,1,2,2
1007.000,2,2,0,1,9
1008.000,2,2,0,1,3
1009.000,1,5,0,1,4
1010.000,2,5,0,1,3
1011.000,2,5,0,2,3
1012.000,3,6,0,2,6
1013.000,3,3,0,1,9
1014.000,2,1,1,2,7
1015.000,1,2,1,1,5
1016.000,2,5,0,2,9
1017.000,2,1,1,2,2
1018.000,3,3,0,2,10
1019.000,2,1,1,2,2
1020.000,2,2,0,2,8
1021.000,1,3,0,1,8
1022.000,3,5,0,2,5
1023.000,1,4,0,2,10
1024.000,3,2,0,2,4
1025.000,3,5,0,2,5
1026.000,3,6,0,1,5
1027.000,2,1,1,2,2
1028.000,3,5,0,1,1
1029.000,2,1,1,2,2
1030.000,3,3,0,1,9
1031.000,1,4,0,2,6
1032.000,2,1,0,2,8
1033.000,2,1,1,2,7
1034.000,3,3,0,1,9
1035.000,3,3,0,1,1
1036.000,3,3,0,1,9
1037.000,2,1,1,2,2
1038.000,2,1,0,1,5
1039.000,2,4,0,2,10
1040.000,1,6,0,1,4
1041.000,2,2,0,2,7
1042.000,2,1,0,1,8
1043.000,3,3,0,1,9
1044.000,2,1,1,2,7
1045.000,2,4,0,2,10
1046.000,1,5,0,2,7
1047.000,2,1,1,2,2
1048.000,2,1,1,2,7
1049.000,3,4,0,2,8
1050.000,2,1,0,2,6
1051.000,1,4,0,2,9
1052.000,2,1,0,1,5
1053.000,2,1,1,2,2
1054.000,3,3,0,1,9
1055.000,3,3,0,1,9
1056.000,2,1,0,1,5
1057.000,2,2,0,1,3
1058.000,3,1,0,1,8
1059.000,1,2,0,1,4
1060.000,2,1,0,1,1
1061.000,2,1,0,1,7
1062.000,2,3,0,1,6
1063.000,3,3,0,1,9
1064.000,3,4,0,1,3
1065.000,1,4,0,1,9
1066.000,3,3,0,2,4
1067.000,3,2,0,1,6
1068.000,2,1,1,2,7
1069.000,3,2,0,2,8
1070.000,2,6,0,2,10
1071.000,3,4,0,2,9
1072.000,3,3,0,2,5
1073.000,1,5,0,2,9
1074.000,2,2,0,2,8
1075.000,3,3,0,1,9
1076.000,1,2,0,2,10
1077.000,1,4,0,2,1
1078.000,2,1,1,2,2
1079.000,2,1,0,1,1
1080.000,2,5,0,1,5
1081.000,1,1,0,2,2
1082.000,2,1,1,2,7
1083.000,2,1,1,2,2
1084.000,3,3,0,1,9
1085.000,3,5,0,2,1
1086.000,2,1,1,2,2
1087.000,2,1,1,2,7
1088.000,2,1,1,2,7
1089.000,2,1,1,2,2
1090.000,1,1,0,1,4
1091.000,1,1,0,2,6
1092.000,3,3,0,1,1
1093.000,2,5,0,2,10
1094.000,2,1,1,2,2
1095.000,2,1,1,2,2
1096.000,3,3,0,1,9
1097.000,2,1,1,2,7
1098.000,1,1,0,1,5
1099.000,2,1,1,2,7
1100.000,3,4,0,1,8
1101.000,2,2,0,1,5
1102.000,2,2,0,1,5
1103.000,2,1,1,2,2
1104.000,1,6,0,1,10
1105.000,3,5,0,1,4
1106.000,2,4,0,1,8
1107.000,2,2,0,1,5
1108.000,2,1,1,2,2
1109.000,2,1,1,2,2
1110.000,1,5,0,1,5
1111.000,2,1,1,2,2
1112.000,3,4,0,1,9
1113.000,3,4,0,2,9
1114.000,2,1,1,2,2
1115.000,2,4,0,2,10
1116.000,1,3,0,1,4
1117.000,3,6,0,1,9
1118.000,2,1,1,2,7
1119.000,2,1,1,2,2
1120.000,3,6,0,2,4
1121.000,3,4,0,2,5
1122.000,2,1,1,2,2
1123.000,1,2,1,1,5
1124.000,2,2,0,1,5
1125.000,1,1,0,1,10
1126.000,2,1,1,2,2
1127.000,2,1,1,2,7
1128.000,3,1,0,1,4
1129.000,3,3,0,1,9
1130.000,2,2,0,1,5
1131.000,3,4,0,1,9
1132.000,3,5,0,1,9
1133.000,2,3,0,1,3
1134.000,2,5,0,1,6
1135.000,3,3,0,1,1
1136.000,2,6,0,1,3
1137.000,2,1,0,2,4
1138.000,3,5,0,1,6
1139.000,2,3,0,1,4
1140.000,2,1,1,2,2
1141.000,2,5,0,1,1
1142.000,3,3,0,1,9
1143.000,2,4,0,1,4
1144.000,1,3,0,2,4
1145.000,2,2,0,2,6
1146.000,2,1,1,2,2
1147.000,2,1,1,2,2
1148.000,2,6,0,2,8
1149.000,2,6,0,1,5
1150.000,2,3,0,2,5
1151.000,3,3,0,1,9
1152.000,3,3,0,1,9
1153.000,1,6,0,2,10
1154.000,3,1,0,1,3
1155.000,3,6,0,1,6
1156.000,3,2,0,1,8
1157.000,2,1,1,2,2
1158.000,1,3,0,2,8
1159.000,2,1,1,2,2
1160.000,3,4,0,2,8
1161.000,2,1,1,2,2
1162.000,2,1,1,2,2
1163.000,2,1,1,2,2
1164.000,1,4,0,2,5
1165.000,2,1,1,2,7
1166.000,2,7,0,2,8
1167.000,1,1,1,2,1
1168.000,3,3,0,1,9
1169.000,3,1,0,1,5
1170.000,1,6,0,2,10
1171.000,3,3,0,1,9
1172.000,3,3,0,1,9
1173.000,3,3,0,1,9
1174.000,3,4,0,1,8
1175.000,3,3,0,1,9
1176.000,2,5,0,1,1
1177.000,1,2,1,1,5
1178.000,1,3,0,1,3
1179.000,2,1,1,2,2
1180.000,1,4,0,1,10
1181.000,1,5,0,2,10
1182.000,3,1,0,1,6
1183.000,3,4,0,1,4
1184.000,2,1,1,2,7
1185.000,2,1,1,2,2
1186.000,3,3,0,1,9
1187.000,1,5,0,1,10
1188.000,2,1,1,2,7
1189.000,2,3,0,2,1
1190.000,1,2,1,2,4
1191.000,2,1,0,2,8
1192.000,2,2,0,2,7
1193.000,1,3,0,2,1
1194.000,2,1,0,2,10
1195.000,1,2,0,2,8
1196.000,3,3,0,1,9
1197.000,1,6,0,2,2
1198.000,3,2,0,2,4
1199.000,1,2,1,1,5
1200.000,2,1,0,2,9
1201.000,3,3,0,1,9
1202.000,1,2,0,2,7
1203.000,3,3,0,1,9
1204.000,1,6,0,2,7
1205.000,2,1,1,2,2
1206.000,2,5,0,1,2
1207.000,1,4,0,1,6
1208.000,2,2,0,1,5
1209.000,2,5,0,1,3
1210.000,2,7,0,2,8
1211.000,2,1,1,2,2
1212.000,2,1,1,2,2
1213.000,2,5,0,1,1
1214.000,3,5,0,1,10
1215.000,2,4,0,2,8
1216.000,2,1,1,2,2
1217.000,2,1,1,2,7
1218.000,2,6,0,1,5
1219.000,3,3,0,1,3
1220.000,2,3,0,2,5
1221.000,2,1,1,1,6
1222.000,3,3,0,1,9
1223.000,2,1,1,2,2
1224.000,2,1,1,2,2
1225.000,3,3,0,1,9
1226.000,3,3,0,1,9
1227.000,3,3,0,1,9
1228.000,2,1,0,2,3
1229.000,1,5,0,2,4
1230.000,2,6,0,2,8
1231.000,1,5,0,1,9
1232.000,1,1,1,2,1
1233.000,2,1,0,1,5
1234.000,3,6,0,2,10
1235.000,3,3,0,1,9
1236.000,1,1,0,2,2
1237.000,2,1,1,2,7
1238.000,2,1,1,2,7
1239.000,2,1,1,2,2
1240.000,1,2,0,1,1
1241.000,3,5,0,2,7
1242.000,2,1,1,2,7
1243.000,2,1,0,1,8
1244.000,2,2,0,1,4
1245.000,3,3,0,1,9
1246.000,3,3,0,1,9
1247.000,2,1,1,2,2
1248.000,2,1,1,2,7
1249.000,2,1,0,2,3
1250.000,3,3,0,1,9
1251.000,3,3,0,1,9
1252.000,3,3,0,2,9
1253.000,3,3,0,1,9
1254.000,2,1,1,2,2
1255.000,2,6,0,2,6
1256.000,2,6,0,1,5
1257.000,1,4,0,2,5
1258.000,2,6,0,1,5
1259.000,3,4,0,2,6
1260.000,3,1,0,2,3
1261.000,2,1,1,2,7
1262.000,3,4,0,2,4
1263.000,2,1,1,2,2
1264.000,3,3,0,1,9
1265.000,3,3,0,1,9
1266.000,2,1,1,2,2
1267.000,3,3,0,1,9
1268.000,2,2,0,2,2
1269.000,3,6,0,2,9
1270.000,1,3,0,2,3
1271.000,3,6,0,2,5
1272.000,1,2,0,2,2
1273.000,3,3,0,1,9
1274.000,2,2,0,2,5
1275.000,1,4,0,1,9
1276.000,3,5,0,1,9
1277.000,2,1,1,2,7
1278.000,1,2,1,1,5
1279.000,2,1,1,2,2
1280.000,2,6,0,1,1
1281.000,3,3,0,1,8
1282.000,2,2,0,1,5
1283.000,1,3,0,1,9
1284.000,2,6,0,1,5
1285.000,3,2,0,2,3
1286.000,3,5,0,1,2
1287.000,2,6,0,2,10
1288.000,1,6,0,2,10
1289.000,2,1,1,2,2
1290.000,2,1,1,2,2
1291.000,1,2,0,1,3
1292.000,2,1,1,2,2
1293.000,2,1,0,2,8
1294.000,2,1,0,1,5
1295.000,1,3,0,2,10
1296.000,3,3,0,1,9
1297.000,3,5,0,2,1
1298.000,2,1,1,2,2
1299.000,2,1,0,2,10
1300.000,3,3,0,1,9
1301.000,3,3,0,1,2
1302.000,2,1,1,2,2
1303.000,2,1,1,2,2
1304.000,2,5,0,1,6
1305.000,2,1,0,1,5
1306.000,3,5,0,2,1
1307.000,3,1,0,1,8
1308.000,1,6,0,1,7
1309.000,3,6,0,1,5
1310.000,1,6,0,1,4
1311.000,3,3,0,1,9
1312.000,1,3,0,1,5
1313.000,3,6,0,2,1
1314.000,1,4,0,1,2
1315.000,2,1,1,2,2
1316.000,2,1,1,2,2
1317.000,1,5,0,2,6
1318.000,1,5,0,2,6
1319.000,2,1,1,2,7
1320.000,1,1,0,2,3
1321.000,2,2,0,1,9
1322.000,2,1,1,2,2
1323.000,2,1,0,1,5
1324.000,3,3,0,2,8
1325.000,2,2,0,2,10
1326.000,1,6,0,2,7
1327.000,2,1,0,1,5
1328.000,2,6,0,1,5
1329.000,3,6,0,2,7
1330.000,2,1,1,2,2
1331.000,3,3,0,2,1
1332.000,2,1,1,2,2
1333.000,2,4,0,2,6
1334.000,2,1,1,2,2
1335.000,2,1,1,2,2
1336.000,3,3,0,2,3
1337.000,1,3,0,1,9
1338.000,2,1,1,2,2
1339.000,2,3,0,2,2
1340.000,2,1,1,2,2
1341.000,1,5,0,2,5
1342.000,1,1,0,1,1
1343.000,3,1,0,1,9
1344.000,3,3,0,1,9
1345.000,2,4,0,1,8
1346.000,3,2,0,1,7
1347.000,2,1,0,2,5
1348.000,2,1,1,2,2
1349.000,2,5,0,1,5
1350.000,3,3,0,1,9
1351.000,1,6,0,2,10
1352.000,3,2,0,2,9
1353.000,3,5,0,1,7
1354.000,1,3,0,1,4
1355.000,2,4,0,2,5
1356.000,2,5,0,2,7
1357.000,2,1,1,2,2
1358.000,2,1,1,2,2
1359.000,3,3,0,1,9
1360.000,2,3,0,2,3
1361.000,3,5,0,2,7
1362.000,2,1,1,2,2
1363.000,2,1,1,2,2
1364.000,2,5,0,1,9
1365.000,1,1,0,1,5
1366.000,3,3,0,1,5
1367.000,2,2,0,1,10
1368.000,2,1,1,2,7
1369.000,1,5,0,1,1
1370.000,1,3,0,1,8
1371.000,1,1,0,1,5
1372.000,2,2,0,1,1
1373.000,3,3,0,1,5
1374.000,2,1,1,2,2
1375.000,3,6,0,1,5
1376.000,3,5,0,1,3
1377.000,3,3,0,1,9
1378.000,1,1,0,2,8
1379.000,3,3,0,2,6
1380.000,3,1,0,1,5
1381.000,3,3,0,1,9
1382.000,3,2,0,1,4
1383.000,2,1,1,2,2
1384.000,2,1,1,2,2
1385.000,1,1,0,1,7
1386.000,3,3,0,1,9
1387.000,2,6,0,1,5
1388.000,2,2,0,2,3
1389.000,1,3,0,2,5
1390.000,2,1,1,2,2
1391.000,3,1,0,2,7
1392.000,3,3,0,1,9
1393.000,2,4,0,2,4
1394.000,3,3,0,1,9
1395.000,2,1,1,2,2
1396.000,2,5,0,2,1
1397.000,3,3,0,1,9
1398.000,3,3,0,1,9
1399.000,3,3,0,1,9
1400.000,3,3,0,1,9
1401.000,1,5,0,1,7
1402.000,2,1,0,1,1
1403.000,3,3,0,1,3
1404.000,2,2,0,1,5
1405.000,3,6,0,2,8
1406.000,2,1,1,2,2
1407.000,1,6,0,1,4
1408.000,3,4,0,1,10
1409.000,2,1,1,2,2
1410.000,1,5,0,1,5
1411.000,3,3,0,1,9
1412.000,2,1,1,2,2
1413.000,2,2,0,1,6
1414.000,3,3,0,1,9
1415.000,2,1,1,2,2
1416.000,3,6,0,1,3
1417.000,2,4,0,1,7
1418.000,2,1,1,2,2
1419.000,2,1,0,1,5
1420.000,3,3,0,1,9
1421.000,3,6,0,2,1
1422.000,1,4,0,2,4
1423.000,1,1,0,2,3
1424.000,2,6,0,1,5
1425.000,2,1,1,2,2
1426.000,2,2,0,1,5
1427.000,2,5,0,2,7
1428.000,3,3,0,2,6
1429.000,3,3,0,1,9
1430.000,2,2,0,2,8
1431.000,3,4,0,1,6
1432.000,3,2,0,1,8
1433.000,2,4,0,1,6
1434.000,3,6,0,1,1
1435.000,3,3,0,1,9
1436.000,3,4,0,2,3
1437.000,2,6,0,1,5
1438.000,3,3,0,1,9
1439.000,3,2,0,1,7
1440.000,3,3,0,1,9
1441.000,2,6,0,1,9
1442.000,3,2,0,1,9
1443.000,3,2,0,1,6
1444.000,3,2,0,1,8
1445.000,2,1,1,2,7
1446.000,2,1,0,2,4
1447.000,1,2,1,2,4
1448.000,1,2,1,1,5
1449.000,3,3,0,1,10
1450.000,1,5,0,2,5
1451.000,2,1,1,2,7
1452.000,3,5,0,2,7
1453.000,2,6,0,2,5
1454.000,3,3,0,1,9
1455.000,3,3,0,1,9
1456.000,2,4,0,2,7
1457.000,3,6,0,2,3
1458.000,2,1,1,2,2
1459.000,3,3,0,1,6
1460.000,2,3,0,1,10
1461.000,2,6,0,1,6
1462.000,2,1,1,2,7
1463.000,1,1,0,2,3
1464.000,2,1,1,2,7
1465.000,3,3,0,1,9
1466.000,3,6,0,1,9
1467.000,2,1,0,1,5
1468.000,1,5,0,1,9
1469.000,1,2,1,1,5
1470.000,3,3,0,1,9
1471.000,3,2,0,1,3
1472.000,2,3,0,1,2
1473.000,3,3,0,1,9
1474.000,3,3,0,1,9
1475.000,2,1,1,2,2
1476.000,2,3,0,2,3
1477.000,2,2,0,1,5
1478.000,2,2,0,2,4
1479.000,2,5,0,2,7
1480.000,2,6,0,2,3
1481.000,1,2,1,1,5
1482.000,2,1,1,2,7
1483.000,2,6,0,2,8
1484.000,2,3,0,2,4
1485.000,1,5,0,1,8
1486.000,2,1,1,2,2
1487.000,2,1,1,2,7
1488.000,2,2,0,2,9
1489.000,3,3,0,1,9
1490.000,1,1,0,1,10
1491.000,3,3,0,1,10
1492.000,1,5,0,1,3
1493.000,3,2,0,1,2
1494.000,2,2,0,1,5
1495.000,2,1,1,2,2
1496.000,3,4,0,2,5
1497.000,3,3,0,1,9
1498.000,3,3,0,1,9
1499.000,2,5,0,1,6
1500.000,2,2,0,1,5
1501.000,3,3,0,1,9
1502.000,2,1,1,2,2
1503.000,2,1,1,2,7
1504.000,1,5,0,2,10
1505.000,2,1,1,2,2
1506.000,2,1,1,2,7
1507.000,3,2,0,2,7
1508.000,1,3,0,2,8
1509.000,2,1,0,1,5
1510.000,2,2,0,1,5
1511.000,2,1,1,2,7
1512.000,2,1,1,2,2
1513.000,2,1,0,1,5
1514.000,1,6,0,2,7
1515.000,1,1,1,2,1
1516.000,3,3,0,1,9
1517.000,2,1,1,2,7
1518.000,3,3,0,2,9
1519.000,2,3,0,2,3
1520.000,3,5,0,2,3
1521.000,1,5,0,2,8
1522.000,1,2,1,1,5
1523.000,2,1,0,2,3
1524.000,2,1,1,2,2
1525.000,1,6,0,1,9
1526.000,1,2,1,1,5
1527.000,3,6,0,2,6
1528.000,1,3,0,1,4
1529.000,2,6,0,1,5
1530.000,2,1,0,1,5
1531.000,1,3,0,2,10
1532.000,1,2,0,1,8
1533.000,3,2,0,2,8
1534.000,3,3,0,1,9
1535.000,2,1,1,2,2
1536.000,1,5,0,1,4
1537.000,2,1,1,2,7
1538.000,2,1,1,2,2
1539.000,3,4,0,1,9
1540.000,2,1,1,2,2
1541.000,1,1,0,1,7
1542.000,2,4,0,1,3
1543.000,1,2,1,1,5
1544.000,3,4,0,1,10
1545.000,3,5,0,1,7
1546.000,3,3,0,1,6
1547.000,3,1,0,2,1
1548.000,2,6,0,1,3
1549.000,2,1,1,2,2
1550.000,2,2,0,1,5
1551.000,3,3,0,2,9
1552.000,2,4,0,1,5
1553.000,1,1,0,1,6
1554.000,3,3,0,1,9
1555.000,2,6,0,2,1
1556.000,3,3,0,1,9
1557.000,3,3,0,1,9
1558.000,2,6,0,2,5
1559.000,1,6,0,2,5
1560.000,2,1,1,2,2
1561.000,3,5,0,2,3
1562.000,3,3,0,2,6
1563.000,3,3,0,1,9
1564.000,2,4,0,2,1
1565.000,3,3,0,1,9
1566.000,3,5,0,1,8
1567.000,2,6,0,2,6
1568.000,2,1,1,2,2
1569.000,3,3,0,2,7
1570.000,2,1,0,1,5
1571.000,1,4,0,1,4
1572.000,3,4,0,1,10
1573.000,3,5,0,1,3
1574.000,2,1,0,1,1
1575.000,1,1,1,2,1
1576.000,2,1,0,1,6
1577.000,1,3,0,1,3
1578.000,3,3,0,1,9
1579.000,3,3,0,1,9
1580.000,3,3,0,3,2
1581.000,2,1,1,2,2
1582.000,3,3,0,1,9
1583.000,2,2,1,2,8
1584.000,3,2,0,1,1
1585.000,1,5,0,1,6
1586.000,3,3,0,2,10
1587.000,3,6,0,2,9
1588.000,1,2,1,1,5
1589.000,2,1,1,2,2
1590.000,1,4,0,2,2
1591.000,2,6,0,1,2
1592.000,2,3,0,2,4
1593.000,2,1,1,2,2
1594.000,2,2,0,2,5
1595.000,3,3,0,2,9
1596.000,1,4,0,2,3
1597.000,1,2,0,2,2
1598.000,3,3,0,1,9
1599.000,1,2,1,1,5
1600.000,2,1,1,2,7
1601.000,2,4,0,2,6
1602.000,2,1,1,2,2
1603.000,3,1,0,2,7
1604.000,1,4,0,2,7
1605.000,2,2,0,2,3
1606.000,1,4,0,1,8
1607.000,2,1,1,2,2
1608.000,2,3,0,1,3
1609.000,3,6,0,2,7
1610.000,2,4,0,1,2
1611.000,3,6,0,1,10
1612.000,1,3,0,1,10
1613.000,3,3,0,1,9
1614.000,3,3,0,1,9
1615.000,2,1,1,2,2
1616.000,2,1,1,2,7
1617.000,2,1,1,2,7
1618.000,2,4,0,2,4
1619.000,3,3,0,1,9
1620.000,1,5,0,1,3
1621.000,2,1,1,2,7
1622.000,3,3,0,1,9
1623.000,3,6,0,1,5
1624.000,2,1,1,2,7
1625.000,2,5,0,2,7
1626.000,2,1,1,2,2
1627.000,3,5,0,2,7
1628.000,3,3,0,1,9
1629.000,2,1,0,1,5
1630.000,2,1,1,2,7
1631.000,3,2,0,1,8
1632.000,2,1,1,2,7
1633.000,2,1,0,1,5
1634.000,3,2,0,1,9
1635.000,2,1,0,1,3
1636.000,3,3,0,1,9
1637.000,1,6,0,2,10
1638.000,2,1,0,1,5
1639.000,1,2,0,2,6
1640.000,2,1,0,1,5
1641.000,2,5,0,1,8
1642.000,1,1,0,1,6
1643.000,2,2,0,1,1
1644.000,2,1,1,2,7
1645.000,2,1,0,1,5
1646.000,3,3,0,1,9
1647.000,2,1,1,2,7
1648.000,3,5,0,1,7
1649.000,1,1,0,1,5
1650.000,2,4,0,1,2
1651.000,1,1,0,2,9
1652.000,2,1,1,2,2
1653.000,1,6,0,2,9
1654.000,2,1,0,1,1
1655.000,2,1,0,1,5
1656.000,2,1,1,2,2
1657.000,3,3,0,2,4
1658.000,2,1,1,2,2
1659.000,2,4,0,2,6
1660.000,1,4,0,2,6
1661.000,3,3,0,1,9
1662.000,1,2,0,2,4
1663.000,1,4,0,2,1
1664.000,1,4,0,2,10
1665.000,3,3,0,1,9
1666.000,1,6,0,2,6
1667.000,2,5,0,1,9
1668.000,2,5,0,2,1
1669.000,3,3,0,2,9
1670.000,2,1,1,2,2
1671.000,3,3,0,1,9
1672.000,3,3,0,1,2
1673.000,2,2,0,1,6
1674.000,2,2,0,1,8
1675.000,1,3,0,1,7
1676.000,2,2,0,1,9
1677.000,1,1,0,1,5
1678.000,2,4,0,1,10
1679.000,3,3,0,1,9
1680.000,3,3,0,2,2
1681.000,2,6,0,2,1
1682.000,2,3,0,1,1
1683.000,1,4,0,1,3
1684.000,3,3,0,1,9
1685.000,1,2,0,2,5
1686.000,2,2,0,2,9
1687.000,2,3,0,2,7
1688.000,3,3,0,2,2
1689.000,2,2,0,2,7
1690.000,1,2,0,1,1
1691.000,3,1,0,1,4
1692.000,2,1,0,1,5
1693.000,3,5,0,1,2
1694.000,1,1,0,1,2
1695.000,3,3,0,1,2
1696.000,3,3,0,1,9
1697.000,3,4,0,1,7
1698.000,2,1,1,2,7
1699.000,2,2,0,1,9
1700.000,2,6,0,1,5
1701.000,3,5,0,1,6
1702.000,2,4,0,1,3
1703.000,3,5,0,1,3
1704.000,1,3,0,1,3
1705.000,1,5,0,1,9
1706.000,2,6,0,1,10
1707.000,2,1,1,2,2
1708.000,2,1,1,2,2
1709.000,3,5,0,2,10
1710.000,1,6,0,2,4
1711.000,3,3,0,2,8
1712.000,2,5,0,1,4
1713.000,1,1,0,1,1
1714.000,2,5,0,1,5
1715.000,1,4,0,1,2
1716.000,1,3,0,2,2
1717.000,3,3,0,1,9
1718.000,1,2,0,2,9
1719.000,2,3,0,2,10
1720.000,1,4,0,1,8
1721.000,1,4,0,1,3
1722.000,1,2,0,2,6
1723.000,3,6,0,2,9
1724.000,2,3,0,2,7
1725.000,3,3,0,1,9
1726.000,1,3,0,2,1
1727.000,1,6,0,1,8
1728.000,2,5,0,1,5
1729.000,3,2,0,1,2
1730.000,3,4,0,1,4
1731.000,2,1,0,1,9
1732.000,3,3,0,1,9
1733.000,2,2,0,1,5
1734.000,2,1,1,2,7
1735.000,3,3,0,1,9
1736.000,2,1,0,1,4
1737.000,1,4,0,1,7
1738.000,2,1,0,1,5
1739.000,3,3,0,1,9
1740.000,2,3,0,1,7
1741.000,3,3,0,1,4
1742.000,1,6,0,1,10
1743.000,2,1,1,2,2
1744.000,2,6,0,1,3
1745.000,2,1,1,2,7
1746.000,1,5,0,1,8
1747.000,1,6,0,2,9
1748.000,2,5,0,2,10
1749.000,1,1,0,2,10
1750.000,3,5,0,1,6
1751.000,1,2,0,2,6
1752.000,3,3,0,1,9
1753.000,1,1,0,2,4
1754.000,1,1,0,2,8
1755.000,1,1,0,2,6
1756.000,3,3,0,2,2
1757.000,2,4,0,1,4
1758.000,3,3,0,1,8
1759.000,3,2,0,2,3
1760.000,2,6,0,1,5
1761.000,2,4,0,2,4
1762.000,1,4,0,1,3
1763.000,3,4,0,1,6
1764.000,3,4,0,1,7
1765.000,3,3,0,1,9
1766.000,1,2,0,1,4
1767.000,3,3,0,1,9
1768.000,1,6,0,1,5
1769.000,1,4,0,1,8
1770.000,1,5,0,1,10
1771.000,3,3,0,1,3
1772.000,2,4,0,2,2
1773.000,3,3,0,1,9
1774.000,3,4,0,2,1
1775.000,2,1,1,2,2
1776.000,2,1,1,2,2
1777.000,1,3,0,1,2
1778.000,3,3,0,1,9
1779.000,1,1,0,2,4
1780.000,2,5,0,1,6
1781.000,1,5,0,1,3
1782.000,1,5,0,1,7
1783.000,1,6,0,2,4
1784.000,2,1,1,2,7
1785.000,2,1,1,2,2
1786.000,2,6,0,2,1
1787.000,3,3,0,1,9
1788.000,3,3,0,1,9
1789.000,2,1,1,2,2
1790.000,2,1,1,2,2
1791.000,1,2,0,2,5
1792.000,3,3,0,2,2
1793.000,2,1,1,2,2
1794.000,3,2,0,2,9
1795.000,1,1,0,1,3
1796.000,2,1,1,2,7
1797.000,3,6,0,1,8
1798.000,2,6,0,1,5
1799.000,2,1,1,2,2
1800.000,2,1,1,2,7
1801.000,3,1,0,1,7
1802.000,2,3,0,1,1
1803.000,2,2,0,1,6
1804.000,2,1,1,2,2
1805.000,2,3,0,2,7
1806.000,3,3,0,1,9
1807.000,3,3,0,1,9
1808.000,3,3,0,1,9
1809.000,2,1,1,2,2
1810.000,2,3,0,2,4
1811.000,3,3,0,2,9
1812.000,2,1,1,2,2
1813.000,2,5,0,2,5
1814.000,2,1,1,2,2
1815.000,1,6,0,2,9
1816.000,1,2,0,1,1
1817.000,3,6,0,1,9
1818.000,1,3,0,1,7
1819.000,1,2,0,1,9
1820.000,3,3,0,1,9
1821.000,3,3,0,2,2
1822.000,1,5,0,2,5
1823.000,2,1,1,2,2
1824.000,2,1,1,2,2
1825.000,2,1,0,1,5
1826.000,2,2,0,1,5
1827.000,1,1,0,1,2
1828.000,1,5,0,1,3
1829.000,2,2,0,1,8
1830.000,1,3,0,1,7
1831.000,2,1,1,2,2
1832.000,3,4,0,2,2
1833.000,3,2,0,1,10
1834.000,2,1,1,2,7
1835.000,2,1,1,2,2
1836.000,3,6,0,1,2
1837.000,1,3,0,1,3
1838.000,2,2,0,1,5
1839.000,3,3,0,1,9
1840.000,2,2,0,1,5
1841.000,2,3,0,2,9
1842.000,2,6,0,2,7
1843.000,1,3,0,1,3
1844.000,2,5,0,2,7
1845.000,3,1,0,2,10
1846.000,3,3,0,1,9
1847.000,3,3,0,1,9
1848.000,2,6,0,2,8
1849.000,3,5,0,2,2
1850.000,1,6,0,1,3
1851.000,2,2,0,1,5
1852.000,2,1,1,2,7
1853.000,2,1,1,2,2
1854.000,3,3,0,1,9
1855.000,3,3,0,1,9
1856.000,1,6,0,1,10
1857.000,3,6,0,1,5
1858.000,3,3,0,1,9
1859.000,2,1,1,2,2
1860.000,3,1,0,2,3
1861.000,1,5,0,1,10
1862.000,2,1,1,2,2
1863.000,2,6,0,1,2
1864.000,1,3,0,1,3
1865.000,1,1,1,2,1
1866.000,3,4,0,1,5
1867.000,3,3,0,1,9
1868.000,2,1,1,2,7
1869.000,2,1,1,2,7
1870.000,1,3,0,1,1
1871.000,3,1,0,2,10
1872.000,1,5,0,2,10
1873.000,2,2,0,2,2
1874.000,2,1,1,2,2
1875.000,2,2,0,2,5
1876.000,1,2,0,2,2
1877.000,1,2,1,1,5
1878.000,1,5,0,2,3
1879.000,2,1,1,2,2
1880.000,2,1,0,1,5
1881.000,3,3,0,1,9
1882.000,2,6,0,2,2
1883.000,1,6,0,2,10
1884.000,2,2,0,2,6
1885.000,2,1,1,2,2
1886.000,3,4,0,2,5
1887.000,2,2,0,1,5
1888.000,3,3,0,1,9
1889.000,2,1,1,2,2
1890.000,3,2,0,2,2
1891.000,2,1,1,2,2
1892.000,2,2,0,1,5
1893.000,3,5,0,1,3
1894.000,2,1,0,1,5
1895.000,3,5,0,1,2
1896.000,2,1,1,2,2
1897.000,3,3,0,1,9
1898.000,3,3,0,1,9
1899.000,2,6,0,1,8
1900.000,2,1,1,2,2
1901.000,3,6,0,2,3
1902.000,1,1,1,2,1
1903.000,3,3,0,1,9
1904.000,2,2,0,1,6
1905.000,3,3,0,1,9
1906.000,1,6,0,1,6
1907.000,3,3,0,1,9
1908.000,2,1,1,2,2
1909.000,2,2,0,2,4
1910.000,2,5,0,2,3
1911.000,2,3,0,2,10
1912.000,3,1,0,2,6
1913.000,3,3,0,1,9
1914.000,3,3,0,1,9
1915.000,2,6,0,1,5
1916.000,3,1,0,1,6
1917.000,1,4,0,1,5
1918.000,3,5,0,2,7
1919.000,3,2,0,2,2
1920.000,2,1,1,2,7
1921.000,3,6,0,1,5
1922.000,2,1,1,2,2
1923.000,2,1,0,1,5
1924.000,1,2,1,1,5
1925.000,2,1,1,2,7
1926.000,1,2,0,1,6
1927.000,2,5,0,1,8
1928.000,1,4,0,2,7
1929.000,2,1,1,2,2
1930.000,3,1,0,1,2
1931.000,2,1,0,1,1
1932.000,2,3,0,2,10
1933.000,2,6,0,2,5
1934.000,2,1,1,2,2
1935.000,2,6,0,2,8
1936.000,2,5,0,2,9
1937.000,1,6,0,2,9
1938.000,1,2,0,2,5
1939.000,3,5,0,2,4
1940.000,3,3,0,2,8
1941.000,1,6,0,1,4
1942.000,3,3,0,1,9
1943.000,2,1,0,2,5
1944.000,2,1,1,2,7
1945.000,3,3,0,1,9
1946.000,3,4,0,2,7
1947.000,3,5,0,2,1
1948.000,2,1,1,2,7
1949.000,1,6,0,2,3
1950.000,2,1,1,2,7
1951.000,1,2,1,1,5
1952.000,3,3,0,1,9
1953.000,3,3,0,1,9
1954.000,3,4,0,1,5
1955.000,3,3,0,1,9
1956.000,1,1,0,1,8
1957.000,3,3,0,1,9
1958.000,2,2,0,1,4
1959.000,2,1,1,2,7
1960.000,3,1,0,1,5
1961.000,2,1,1,2,7
1962.000,2,2,0,1,6
1963.000,2,1,1,2,2
1964.000,1,6,0,1,2
1965.000,3,3,0,1,9
1966.000,1,2,0,2,7
1967.000,1,5,0,2,2
1968.000,2,1,1,2,2
1969.000,1,6,0,2,8
1970.000,2,4,0,2,3
1971.000,2,4,0,2,2
1972.000,2,1,0,1,5
1973.000,3,3,0,1,9
1974.000,3,3,0,2,1
1975.000,1,1,0,2,8
1976.000,2,1,1,2,2
1977.000,3,3,0,1,9
1978.000,2,6,0,1,3
1979.000,2,4,0,1,2
1980.000,2,1,1,2,2
1981.000,2,1,1,2,7
1982.000,3,3,0,1,9
1983.000,1,3,0,1,7
1984.000,1,6,0,1,6
1985.000,2,1,1,2,2
1986.000,3,3,0,1,9
1987.000,1,3,0,2,9
1988.000,2,1,1,2,2
1989.000,1,2,1,1,5
1990.000,2,5,0,2,2
1991.000,2,1,0,1,5
1992.000,2,2,0,1,5
1993.000,2,2,0,1,5
1994.000,1,2,0,2,4
1995.000,3,5,0,2,2
1996.000,3,3,0,1,9
1997.000,2,4,0,2,9
1998.000,3,6,0,2,3
1999.000,1,2,0,2,8
2000.000,1,1,0,1,2
2001.000,2,1,1,2,7
2002.000,3,3,0,1,9
2003.000,2,2,0,1,5
2004.000,1,3,0,2,5
2005.000,1,4,0,2,7
2006.000,3,6,0,2,5
2007.000,3,3,0,2,2
2008.000,2,1,1,2,2
2009.000,2,1,1,2,2
2010.000,2,1,1,2,2
2011.000,3,6,0,2,6
2012.000,2,6,0,2,9
2013.000,2,1,1,2,2
2014.000,3,1,0,2,6
2015.000,3,1,0,1,5
2016.000,2,4,0,2,9
2017.000,2,4,0,2,9
2018.000,2,3,0,2,7
2019.000,2,1,1,2,7
2020.000,2,5,0,1,8
2021.000,3,6,0,1,7
2022.000,2,2,0,1,5
2023.000,1,5,0,1,2
2024.000,2,4,0,1,7
2025.000,3,3,0,1,9
2026.000,3,3,0,1,5
2027.000,2,1,1,2,2
2028.000,3,5,0,1,3
2029.000,1,2,0,1,6
2030.000,1,2,0,1,3
2031.000,3,3,0,1,9
2032.000,2,4,0,1,4
2033.000,2,2,0,1,5
2034.000,2,2,0,2,4
2035.000,2,1,1,2,7
2036.000,1,5,0,2,9
2037.000,1,5,0,2,10
2038.000,2,1,1,2,7
2039.000,3,1,0,2,4
2040.000,3,4,0,2,3
2041.000,3,6,0,1,3
2042.000,1,1,0,2,2
2043.000,3,1,0,2,2
2044.000,2,4,0,1,4
2045.000,1,5,0,1,2
2046.000,3,4,0,1,10
2047.000,2,1,0,1,7
2048.000,1,5,0,1,6
2049.000,3,4,0,1,9
2050.000,1,6,0,1,8
2051.000,3,1,0,1,5
2052.000,2,1,1,2,2
2053.000,3,2,0,2,1
2054.000,3,6,0,1,8
2055.000,1,5,0,1,3
2056.000,2,1,0,1,1
2057.000,3,3,0,1,9
2058.000,3,2,0,1,7
2059.000,3,3,0,1,9
2060.000,2,1,1,2,2
2061.000,2,6,0,2,6
2062.000,3,3,0,1,9
2063.000,2,2,0,2,8
2064.000,3,1,0,2,9
2065.000,3,2,0,2,6
2066.000,3,6,0,1,10
2067.000,3,3,0,1,9
2068.000,1,1,0,2,9
2069.000,3,2,0,2,7
2070.000,1,6,0,2,2
2071.000,3,3,0,1,9
2072.000,3,4,0,2,2
2073.000,2,4,0,1,10
2074.000,1,4,0,1,10
2075.000,3,4,0,2,7
2076.000,1,2,0,1,6
2077.000,2,1,1,2,2
2078.000,3,3,0,1,9
2079.000,3,6,0,2,3
2080.000,2,1,1,2,2
2081.000,2,1,0,2,10
2082.000,3,3,0,1,8
2083.000,2,2,0,1,5
2084.000,3,6,0,1,8
2085.000,3,3,0,1,7
2086.000,2,1,1,2,7
2087.000,3,3,0,1,9
2088.000,1,1,0,2,4
2089.000,3,3,0,2,5
2090.000,2,6,0,2,8
2091.000,3,3,0,1,9
2092.000,2,4,0,2,10
2093.000,3,4,0,2,10
2094.000,3,3,0,1,9
2095.000,2,1,0,2,9
2096.000,2,1,1,2,2
2097.000,2,1,1,2,2
2098.000,2,1,0,1,3
2099.000,1,2,0,2,7
2100.000,2,1,1,2,7
2101.000,3,3,0,1,9
2102.000,3,3,0,1,1
2103.000,2,6,0,1,3
2104.000,2,1,0,1,5
2105.000,3,6,0,1,1
2106.000,1,1,0,1,6
2107.000,2,1,1,2,2
2108.000,3,3,0,1,9
2109.000,3,2,0,1,9
2110.000,2,4,0,1,10
2111.000,1,4,0,1,3
2112.000,2,1,1,2,2
2113.000,2,3,0,1,9
2114.000,2,1,1,2,2
2115.000,2,1,1,2,2
2116.000,1,6,0,1,6
2117.000,2,6,0,1,9
2118.000,2,1,1,2,2
2119.000,1,2,0,2,4
2120.000,2,4,0,1,7
2121.000,3,5,0,1,3
2122.000,3,4,0,1,9
2123.000,3,1,0,2,2
2124.000,3,4,0,2,6
2125.000,1,2,0,2,10
2126.000,1,2,0,2,9
2127.000,3,3,0,1,9
2128.000,2,1,1,2,2
2129.000,2,1,1,2,2
2130.000,2,1,1,2,2
2131.000,3,3,0,1,9
2132.000,3,3,0,1,9
2133.000,3,3,0,2,1
2134.000,2,1,1,2,7
2135.000,2,1,1,2,2
2136.000,2,1,0,1,5
2137.000,2,1,1,2,2
2138.000,3,1,0,1,5
2139.000,3,3,0,1,9
2140.000,3,3,0,1,9
2141.000,3,3,0,1,9
2142.000,1,4,0,1,2
2143.000,2,4,0,1,3
2144.000,2,1,1,2,2
2145.000,2,1,1,2,2
2146.000,2,1,1,2,2
2147.000,1,1,0,1,5
2148.000,3,5,0,1,1
2149.000,3,3,0,1,9
2150.000,1,6,0,2,4
2151.000,2,3,0,2,8
2152.000,1,1,0,2,2
2153.000,2,6,0,2,1
2154.000,1,2,0,1,6
2155.000,1,1,0,1,6
2156.000,1,1,0,1,7
2157.000,1,2,1,2,4
2158.000,2,5,0,2,3
2159.000,3,2,0,2,3
2160.000,3,1,0,2,8
2161.000,1,5,0,2,2
2162.000,2,1,1,2,2
2163.000,3,3,0,1,9
2164.000,2,6,0,1,5
2165.000,2,1,1,2,2
2166.000,1,5,0,2,9
2167.000,3,1,0,2,6
2168.000,1,4,0,1,2
2169.000,2,1,1,2,2
2170.000,2,4,0,2,1
2171.000,1,6,0,2,5
2172.000,3,1,0,2,9
2173.000,1,4,0,1,9
2174.000,2,1,0,1,5
2175.000,3,2,0,2,4
2176.000,1,1,0,1,6
2177.000,1,3,0,2,10
2178.000,2,2,0,2,8
2179.000,3,4,0,1,3
2180.000,3,6,0,1,5
2181.000,1,5,0,1,4
2182.000,1,3,0,1,4
2183.000,1,5,0,2,3
2184.000,3,1,0,1,7
2185.000,1,2,0,1,2
2186.000,2,3,0,1,9
2187.000,3,3,0,1,9
2188.000,1,2,0,1,8
2189.000,1,6,0,2,10
2190.000,3,4,0,2,2
2191.000,1,2,1,1,5
2192.000,2,1,0,2,8
2193.000,1,6,0,2,6
2194.000,1,4,0,2,7
2195.000,3,3,0,1,9
2196.000,1,4,0,2,10
2197.000,3,3,0,1,9
2198.000,2,1,1,2,2
2199.000,3,1,0,2,10
2200.000,1,3,0,2,5
2201.000,1,1,1,2,1
2202.000,1,2,0,2,2
2203.000,2,1,0,1,7
2204.000,1,2,0,1,3
2205.000,1,1,0,1,7
2206.000,2,6,0,1,2
2207.000,3,4,0,1,10
2208.000,3,4,0,2,7
2209.000,3,2,0,2,7
2210.000,2,1,1,2,2
2211.000,3,3,0,1,9
2212.000,2,1,0,1,7
2213.000,3,6,0,1,9
2214.000,2,1,1,2,7
2215.000,2,1,1,2,7
2216.000,2,1,0,1,5
2217.000,2,1,1,2,2
2218.000,3,3,0,1,9
2219.000,1,5,0,2,10
2220.000,2,1,1,2,2
2221.000,2,1,1,2,2
2222.000,2,1,1,2,7
2223.000,3,6,0,2,8
2224.000,2,1,1,2,2
2225.000,2,4,0,2,7
2226.000,3,3,0,1,9
2227.000,2,1,1,2,2
2228.000,3,3,0,1,9
2229.000,3,1,0,2,10
2230.000,2,3,0,2,5
2231.000,3,3,0,2,9
2232.000,3,5,0,2,7
2233.000,2,6,0,2,1
2234.000,3,5,0,1,2
2235.000,3,5,0,1,7
2236.000,2,6,0,1,2
2237.000,2,1,1,2,2
2238.000,1,5,0,1,6
2239.000,2,1,1,2,2
2240.000,2,1,0,2,1
2241.000,2,1,1,2,7
2242.000,3,6,0,2,10
2243.000,3,2,0,1,4
2244.000,2,1,1,2,2
2245.000,2,2,0,1,5
2246.000,3,3,0,1,9
2247.000,2,1,1,2,2
2248.000,3,3,0,1,9
2249.000,1,1,0,2,3
2250.000,3,3,0,1,9
2251.000,2,5,0,1,10
2252.000,2,1,0,1,5
2253.000,1,6,0,1,2
2254.000,1,6,0,1,8
2255.000,3,3,0,1,4
2256.000,2,1,1,2,2
2257.000,1,4,0,1,7
2258.000,2,6,0,1,1
2259.000,1,1,0,2,7
2260.000,3,3,0,1,9
2261.000,2,1,1,2,2
2262.000,1,1,1,2,1
2263.000,3,4,0,2,1
2264.000,3,1,0,1,6
2265.000,1,1,0,2,7
2266.000,3,3,0,2,7
2267.000,2,1,1,2,2
2268.000,1,5,0,2,8
2269.000,1,2,0,1,8
2270.000,3,1,0,1,6
2271.000,2,1,1,2,7
2272.000,3,5,0,1,3
2273.000,3,1,0,1,10
2274.000,3,1,0,1,5
2275.000,3,2,0,1,3
2276.000,2,1,1,2,2
2277.000,2,3,0,1,10
2278.000,2,6,0,1,10
2279.000,1,6,0,1,6
2280.000,1,1,0,1,9
2281.000,2,2,0,1,8
2282.000,2,6,0,2,1
2283.000,2,6,0,1,5
2284.000,2,1,1,2,2
2285.000,3,6,0,2,2
2286.000,2,1,0,1,5
2287.000,3,3,0,1,9
2288.000,2,2,0,2,1
2289.000,2,1,1,2,2
2290.000,1,3,0,2,1
2291.000,2,1,0,2,2
2292.000,3,6,0,1,9
2293.000,3,5,0,2,6
2294.000,2,1,1,2,7
2295.000,3,3,0,1,2
2296.000,2,1,1,2,7
2297.000,2,1,0,1,5
2298.000,2,5,0,1,1
2299.000,2,1,1,2,2
2300.000,1,5,0,2,6
2301.000,3,4,0,2,7
2302.000,1,3,0,2,9
2303.000,1,1,0,1,1
2304.000,2,1,1,2,2
2305.000,2,4,0,1,6
2306.000,3,2,0,1,8
2307.000,3,3,0,1,9
2308.000,2,1,1,2,7
2309.000,2,1,0,1,4
2310.000,3,5,0,2,8
2311.000,2,6,0,2,2
2312.000,3,3,0,1,9
2313.000,2,3,0,1,5
2314.000,3,3,0,1,1
2315.000,2,1,1,2,2
2316.000,2,1,1,2,2
2317.000,2,1,1,2,2
2318.000,2,1,1,2,2
2319.000,2,1,1,2,2
2320.000,3,1,0,2,8
2321.000,1,4,0,1,4
2322.000,3,3,0,1,9
2323.000,1,2,1,1,5
2324.000,2,1,1,2,2
2325.000,2,5,0,2,1
2326.000,1,2,1,1,5
2327.000,3,3,0,2,9
2328.000,1,1,0,1,10
2329.000,2,2,0,1,4
2330.000,1,1,0,2,1
2331.000,3,1,0,2,1
2332.000,3,3,0,2,10
2333.000,1,5,0,2,1
2334.000,2,2,0,1,5
2335.000,3,5,0,2,2
2336.000,2,5,0,2,1
2337.000,3,1,0,1,8
2338.000,3,5,0,1,9
2339.000,2,1,0,1,7
2340.000,2,1,1,2,2
2341.000,3,6,0,1,8
2342.000,3,2,0,1,1
2343.000,1,6,0,1,5
2344.000,2,1,1,2,2
2345.000,2,3,0,2,2
2346.000,3,5,0,1,6
2347.000,2,1,1,2,7
2348.000,3,1,0,1,4
2349.000,2,1,1,2,2
2350.000,2,1,0,1,10
2351.000,2,1,1,2,2
2352.000,3,3,0,1,9
2353.000,2,1,0,1,4
2354.000,2,1,1,2,7
2355.000,2,1,0,1,1
2356.000,3,6,0,1,5
2357.000,2,6,0,1,7
2358.000,2,3,0,2,5
2359.000,1,4,0,2,8
2360.000,1,2,0,2,1
2361.000,1,1,1,2,1
2362.000,3,3,0,1,9
2363.000,3,1,0,1,1
2364.000,1,2,0,1,5
2365.000,3,2,0,2,7
2366.000,2,1,1,2,2
2367.000,2,1,1,2,2
2368.000,2,5,0,2,4
2369.000,2,1,1,2,2
2370.000,2,1,1,2,7
2371.000,1,3,0,2,3
2372.000,1,5,0,2,8
2373.000,3,3,0,1,9
2374.000,2,6,0,1,10
2375.000,1,5,0,2,9
2376.000,2,4,0,2,10
2377.000,1,2,0,2,6
2378.000,2,5,0,2,3
2379.000,3,1,0,2,6
2380.000,1,6,0,2,9
2381.000,1,3,0,2,4
2382.000,2,1,1,2,2
2383.000,3,3,0,1,9
2384.000,3,1,0,1,3
2385.000,2,1,1,2,2
2386.000,2,4,0,1,8
2387.000,2,1,0,1,7
2388.000,1,4,0,1,4
2389.000,2,3,0,1,1
2390.000,1,3,0,1,5
2391.000,2,1,1,2,7
2392.000,2,6,0,2,10
2393.000,3,5,0,1,8
2394.000,1,1,0,1,3
2395.000,3,3,0,1,9
2396.000,1,3,0,2,7
2397.000,2,1,1,2,2
2398.000,1,2,1,1,5
2399.000,1,1,0,2,8
2400.000,3,6,0,2,2
2401.000,3,3,0,1,9
2402.000,2,1,1,2,2
2403.000,2,2,0,2,7
2404.000,1,4,0,1,7
2405.000,3,6,0,2,7
2406.000,1,4,0,1,4
2407.000,3,3,0,1,9
2408.000,2,2,0,1,9
2409.000,2,1,1,2,2
2410.000,3,3,0,1,9
2411.000,3,3,0,1,9
2412.000,2,1,1,2,7
2413.000,2,3,0,1,2
2414.000,2,1,1,2,2
2415.000,2,6,0,1,4
2416.000,2,1,0,1,5
2417.000,1,3,0,2,9
2418.000,1,1,0,2,2
2419.000,2,1,1,2,2
2420.000,1,2,1,1,5
2421.000,3,5,0,1,7
2422.000,2,6,0,1,5
2423.000,1,2,0,1,6
2424.000,3,2,0,1,1
2425.000,3,1,0,1,7
2426.000,2,2,0,2,3
2427.000,1,1,0,2,1
2428.000,2,2,0,1,5
2429.000,3,3,0,1,9
2430.000,3,5,0,1,5
2431.000,2,1,1,2,2
2432.000,2,1,1,2,7
2433.000,1,2,0,2,1
2434.000,3,3,0,1,9
2435.000,2,1,1,2,7
2436.000,2,1,1,2,2
2437.000,1,1,0,2,10
2438.000,2,1,1,2,2
2439.000,3,6,0,2,6
2440.000,2,1,1,2,2
2441.000,1,1,0,2,2
2442.000,3,1,0,2,6
2443.000,3,6,0,2,1
2444.000,2,1,1,2,2
2445.000,1,4,0,1,9
2446.000,2,1,1,2,2
2447.000,3,4,0,1,4
2448.000,1,3,0,1,9
2449.000,2,1,1,2,2
2450.000,2,2,0,1,5
2451.000,3,6,0,1,2
2452.000,2,1,0,1,5
2453.000,1,6,0,2,7
2454.000,2,1,1,2,2
2455.000,2,1,1,2,7
2456.000,2,5,0,2,5
2457.000,1,5,0,1,2
2458.000,2,2,0,1,2
2459.000,3,3,0,1,9
2460.000,3,3,0,2,4
2461.000,3,3,0,1,9
2462.000,1,1,0,1,8
2463.000,1,6,0,1,9
2464.000,1,2,1,2,4
2465.000,3,3,0,1,9
2466.000,2,1,1,2,7
2467.000,2,1,1,2,7
2468.000,2,1,1,2,2
2469.000,2,1,0,1,6
2470.000,2,6,0,1,7
2471.000,2,1,1,2,2
2472.000,1,1,0,1,1
2473.000,2,1,0,1,5
2474.000,2,1,0,2,7
2475.000,3,2,0,2,9
2476.000,3,3,0,1,9
2477.000,1,6,0,1,10
2478.000,3,5,0,2,8
2479.000,1,3,0,2,7
2480.000,1,2,0,1,8
2481.000,2,5,0,1,4
2482.000,3,3,0,1,9
2483.000,3,3,0,1,9
2484.000,3,3,0,1,9
2485.000,2,3,0,1,9
2486.000,3,3,0,1,9
2487.000,3,2,0,1,3
2488.000,3,3,0,1,3
2489.000,2,1,1,2,7
2490.000,2,1,1,2,2
2491.000,1,3,0,1,5
2492.000,2,1,1,2,2
2493.000,3,3,0,1,9
2494.000,2,3,0,2,1
2495.000,3,6,0,2,8
2496.000,2,3,0,2,7
2497.000,1,6,0,2,5
2498.000,2,4,0,2,5
2499.000,3,3,0,1,9
2500.000,2,2,0,2,8
2501.000,1,1,0,1,3
2502.000,2,3,0,1,10
2503.000,3,3,0,1,9
2504.000,3,5,0,1,7
2505.000,2,5,0,1,8
2506.000,3,5,0,1,1
2507.000,3,3,0,1,9
2508.000,1,2,0,2,5
2509.000,3,3,0,1,2
2510.000,2,3,0,1,10
2511.000,2,1,0,2,10
2512.000,2,1,0,1,5
2513.000,2,1,1,2,2
2514.000,2,5,0,1,4
2515.000,3,3,0,1,7
2516.000,1,6,0,2,5
2517.000,2,2,0,1,8
2518.000,2,1,1,2,2
2519.000,2,1,0,2,5
2520.000,3,3,0,1,9
2521.000,2,1,0,1,6
2522.000,2,5,0,1,5
2523.000,2,5,0,2,4
2524.000,3,3,0,2,10
2525.000,3,3,0,1,9
2526.000,1,1,1,2,1
2527.000,2,2,0,1,4
2528.000,3,3,0,1,9
2529.000,2,1,1,2,7
2530.000,3,3,0,1,9
2531.000,1,4,0,2,2
2532.000,2,1,1,2,2
2533.000,3,2,0,1,8
2534.000,2,1,1,2,2
2535.000,2,1,1,2,2
2536.000,2,1,1,2,2
2537.000,2,2,0,1,5
2538.000,3,5,0,1,7
2539.000,2,1,0,2,8
2540.000,3,3,0,1,3
2541.000,2,6,0,1,4
2542.000,2,1,0,1,5
2543.000,3,6,0,1,6
2544.000,3,2,0,2,1
2545.000,3,4,0,2,10
2546.000,2,5,0,2,9
2547.000,1,2,0,2,4
2548.000,1,4,0,1,7
2549.000,1,5,0,1,4
2550.000,1,4,0,1,2
2551.000,1,2,1,1,5
2552.000,2,1,1,2,2
2553.000,3,3,0,1,9
2554.000,1,5,0,2,1
2555.000,2,1,1,2,7
2556.000,3,2,0,2,9
2557.000,1,6,0,1,4
2558.000,2,3,0,1,5
2559.000,3,1,0,1,10
2560.000,3,5,0,1,9
2561.000,2,6,0,1,7
2562.000,3,1,0,1,9
2563.000,3,6,0,1,9
2564.000,2,1,1,2,7
2565.000,1,2,1,1,5
2566.000,2,2,0,1,10
2567.000,3,6,0,2,9
2568.000,2,1,1,2,2
2569.000,1,1,0,2,1
2570.000,1,2,0,2,1
2571.000,1,5,0,1,5
2572.000,2,1,1,2,2
2573.000,2,6,0,2,1
2574.000,2,1,1,2,2
2575.000,2,1,0,2,10
2576.000,1,2,0,2,4
2577.000,3,3,0,1,9
2578.000,1,1,1,2,1
2579.000,3,3,0,1,9
2580.000,3,3,0,1,9
2581.000,3,4,0,2,5
2582.000,2,1,1,2,2
2583.000,2,2,0,1,5
2584.000,3,1,0,1,9
2585.000,3,5,0,1,4
2586.000,2,5,0,1,3
2587.000,3,3,0,1,9
2588.000,1,4,0,1,10
2589.000,2,2,0,2,4
2590.000,2,1,1,2,2
2591.000,3,3,0,1,9
2592.000,3,3,0,1,9
2593.000,3,5,0,2,7
2594.000,2,3,0,1,9
2595.000,2,4,0,1,3
2596.000,2,4,0,1,3
2597.000,1,4,0,1,3
2598.000,3,3,0,1,6
2599.000,2,1,1,2,7
2600.000,3,3,0,1,9
2601.000,2,1,1,2,2
2602.000,3,6,0,2,4
2603.000,2,1,1,2,7
2604.000,2,1,1,2,2
2605.000,3,3,0,1,9
2606.000,3,4,0,2,6
2607.000,2,2,0,2,1
2608.000,3,3,0,1,9
2609.000,1,1,1,2,1
2610.000,1,5,0,2,2
2611.000,2,6,0,1,5
2612.000,2,1,1,2,2
2613.000,2,3,0,1,7
2614.000,2,1,1,2,7
2615.000,2,6,0,2,6
2616.000,1,1,0,2,2
2617.000,1,2,1,1,5
2618.000,3,2,0,2,6
2619.000,2,1,1,2,2
2620.000,1,1,0,1,9
2621.000,3,3,0,1,9
2622.000,1,2,0,1,7
2623.000,3,3,0,1,9
2624.000,1,6,0,2,2
2625.000,3,3,0,1,9
2626.000,2,1,1,2,2
2627.000,3,3,0,1,9
2628.000,2,1,1,2,2
2629.000,3,5,0,2,2
2630.000,1,1,0,2,7
2631.000,2,4,0,1,1
2632.000,1,1,1,2,1
2633.000,2,6,0,1,1
2634.000,2,1,1,2,2
2635.000,3,1,0,1,2
2636.000,1,2,1,1,5
2637.000,3,1,0,1,5
2638.000,1,5,0,2,3
2639.000,3,3,0,1,9
2640.000,1,2,1,1,5
2641.000,2,1,0,1,1
2642.000,2,1,1,2,7
2643.000,3,5,0,1,7
2644.000,3,3,0,1,9
2645.000,2,1,1,2,2
2646.000,3,5,0,1,7
2647.000,3,3,0,2,8
2648.000,2,1,1,2,7
2649.000,3,6,0,2,6
2650.000,1,6,0,2,5
2651.000,2,1,1,2,2
2652.000,2,6,0,2,9
2653.000,3,3,0,1,9
2654.000,3,3,0,1,9
2655.000,2,2,0,1,5
2656.000,1,2,0,1,6
2657.000,2,2,0,2,4
2658.000,2,1,1,2,2
2659.000,3,3,0,1,9
2660.000,2,4,0,1,3
2661.000,1,5,0,1,10
2662.000,1,2,0,1,1
2663.000,2,3,0,2,5
2664.000,1,6,0,2,5
2665.000,2,6,0,1,2
2666.000,3,1,0,1,2
2667.000,1,6,0,2,4
2668.000,3,5,0,2,2
2669.000,3,4,0,2,7
2670.000,3,6,0,1,2
2671.000,3,1,0,1,1
2672.000,1,4,0,2,6
2673.000,2,4,0,2,6
2674.000,2,2,0,2,8
2675.000,3,3,0,1,9
2676.000,3,4,0,2,6
2677.000,3,3,0,1,9
2678.000,2,1,0,1,1
2679.000,2,1,0,1,3
2680.000,2,1,0,1,5
2681.000,1,2,1,1,5
2682.000,2,6,0,2,5
2683.000,1,1,0,1,4
2684.000,2,5,0,1,2
2685.000,2,1,1,2,7
2686.000,2,2,0,2,4
2687.000,2,6,0,1,7
2688.000,1,5,0,1,1
2689.000,2,2,0,1,5
2690.000,2,1,0,1,5
2691.000,3,4,0,1,6
2692.000,2,5,0,1,3
2693.000,1,5,0,1,8
2694.000,3,5,0,1,1
2695.000,2,1,1,2,7
2696.000,2,1,1,2,7
2697.000,2,1,0,1,5
2698.000,3,3,0,1,9
2699.000,3,3,0,1,9
2700.000,2,1,1,2,2
2701.000,3,5,0,2,7
2702.000,3,4,0,2,7
2703.000,2,3,0,2,5
2704.000,2,2,0,2,3
2705.000,2,5,0,1,7
2706.000,3,3,0,1,9
2707.000,1,5,0,2,10
2708.000,1,1,0,2,9
2709.000,3,1,0,2,10
2710.000,2,3,0,1,5
2711.000,2,1,1,2,2
2712.000,3,3,0,2,4
2713.000,3,2,0,1,4
2714.000,2,1,0,1,2
2715.000,2,1,1,2,2
2716.000,2,2,0,1,6
2717.000,2,1,0,2,8
2718.000,3,6,0,1,2
2719.000,3,3,0,1,9
2720.000,2,6,0,1,5
2721.000,2,3,0,1,4
2722.000,3,2,0,2,6
2723.000,1,1,1,2,1
2724.000,1,6,0,1,3
2725.000,3,3,0,1,9
2726.000,2,4,0,2,2
2727.000,3,3,0,1,9
2728.000,2,1,1,2,7
2729.000,1,1,0,2,6
2730.000,1,1,0,2,7
2731.000,1,2,0,1,8
2732.000,2,2,0,1,5
2733.000,3,5,0,1,9
2734.000,1,4,0,1,8
2735.000,2,1,1,2,2
2736.000,3,6,0,1,6
2737.000,2,1,1,2,7
2738.000,2,1,1,2,2
2739.000,3,3,0,1,9
2740.000,3,6,0,2,7
2741.000,2,1,1,2,2
2742.000,3,1,0,2,6
2743.000,2,4,0,2,2
2744.000,2,1,0,2,1
2745.000,2,1,0,1,10
2746.000,1,4,0,1,5
2747.000,2,1,0,1,5
2748.000,2,6,0,1,5
2749.000,1,2,0,1,5
2750.000,3,2,0,1,2
2751.000,2,5,0,1,6
2752.000,2,1,1,2,7
2753.000,2,3,0,2,9
2754.000,3,5,0,1,10
2755.000,2,1,1,2,7
2756.000,3,3,0,1,9
2757.000,2,1,1,2,2
2758.000,3,3,0,1,6
2759.000,2,1,1,2,2
2760.000,2,1,0,1,5
2761.000,2,1,1,2,2
2762.000,2,6,0,2,5
2763.000,1,2,0,2,2
2764.000,3,3,0,1,9
2765.000,2,1,1,2,2
2766.000,3,2,0,2,2
2767.000,1,4,0,2,5
2768.000,3,3,0,1,9
2769.000,2,1,1,2,2
2770.000,2,2,0,1,7
2771.000,2,5,0,1,4
2772.000,2,2,0,2,8
2773.000,2,1,1,2,7
2774.000,2,1,1,2,7
2775.000,3,3,0,1,9
2776.000,2,2,0,1,5
2777.000,2,4,0,1,1
2778.000,3,5,0,1,6
2779.000,2,1,1,2,2
2780.000,2,1,1,2,2
2781.000,2,4,0,2,3
2782.000,1,1,0,1,2
2783.000,2,1,1,2,7
2784.000,2,1,1,2,7
2785.000,1,4,0,1,1
2786.000,1,6,0,2,6
2787.000,1,2,0,2,9
2788.000,2,4,0,2,5
2789.000,3,6,0,2,7
2790.000,1,1,0,2,1
2791.000,1,3,0,2,8
2792.000,3,1,0,2,5
2793.000,1,1,0,2,1
2794.000,2,1,1,2,2
2795.000,1,6,0,2,7
2796.000,1,4,0,2,10
2797.000,3,3,0,1,9
2798.000,3,3,0,1,9
2799.000,2,5,0,2,4
2800.000,2,1,1,2,2
2801.000,1,3,0,1,1
2802.000,2,1,1,2,2
2803.000,2,1,1,2,2
2804.000,3,4,0,1,9
2805.000,2,4,0,2,7
2806.000,1,1,0,1,8
2807.000,3,3,0,1,9
2808.000,1,1,0,2,8
2809.000,1,2,0,2,3
2810.000,3,3,0,1,9
2811.000,1,3,0,2,1
2812.000,2,1,1,2,2
2813.000,2,6,0,2,1
2814.000,1,1,0,2,1
2815.000,3,3,0,2,2
2816.000,1,6,0,2,9
2817.000,2,2,0,1,6
2818.000,2,1,1,2,2
2819.000,3,3,0,1,9
2820.000,1,6,0,2,9
2821.000,2,3,0,2,8
2822.000,1,1,0,1,4
2823.000,2,6,0,1,8
2824.000,2,1,1,2,2
2825.000,3,3,0,1,9
2826.000,3,3,0,1,9
2827.000,2,6,0,1,5
2828.000,2,6,0,1,3
2829.000,2,1,1,2,2
2830.000,2,2,0,1,3
2831.000,2,1,1,1,6
2832.000,1,1,0,1,6
2833.000,2,1,1,2,2
2834.000,1,5,0,1,7
2835.000,2,5,0,1,8
2836.000,3,3,0,1,9
2837.000,3,3,0,1,10
2838.000,2,1,1,2,2
2839.000,2,1,1,2,2
2840.000,1,4,0,1,2
2841.000,1,1,0,2,7
2842.000,2,6,0,1,7
2843.000,1,6,0,2,9
2844.000,3,4,0,1,7
2845.000,2,5,0,1,6
2846.000,2,1,0,1,5
2847.000,3,3,0,1,9
2848.000,2,1,1,2,2
2849.000,2,1,0,1,10
2850.000,1,4,0,2,8
2851.000,1,3,0,2,1
2852.000,2,2,0,1,1
2853.000,3,1,0,2,7
2854.000,2,1,0,1,5
2855.000,3,1,0,1,10
2856.000,2,5,0,2,9
2857.000,3,3,0,1,9
2858.000,2,1,1,2,2
2859.000,1,4,0,2,1
2860.000,3,3,0,2,10
2861.000,2,1,1,2,2
2862.000,1,1,0,2,1
2863.000,3,6,0,2,9
2864.000,3,3,0,2,4
2865.000,3,3,0,1,9
2866.000,1,4,0,2,5
2867.000,1,2,0,2,5
2868.000,3,2,0,1,4
2869.000,2,1,1,2,2
2870.000,3,5,0,2,8
2871.000,3,1,0,2,4
2872.000,2,1,0,1,4
2873.000,2,1,1,2,2
2874.000,1,5,0,2,6
2875.000,3,5,0,1,3
2876.000,3,3,0,1,9
2877.000,2,5,0,1,10
2878.000,1,2,1,1,5
2879.000,3,1,0,1,8
2880.000,3,6,0,1,2
2881.000,1,2,0,1,8
2882.000,2,1,1,2,2
2883.000,3,1,0,1,7
2884.000,1,3,0,1,1
2885.000,3,6,0,1,9
2886.000,3,3,0,1,9
2887.000,2,5,0,1,5
2888.000,3,3,0,2,8
2889.000,3,3,0,2,10
2890.000,2,1,1,2,2
2891.000,3,3,0,1,9
2892.000,1,1,0,2,9
2893.000,2,5,0,1,4
2894.000,2,3,0,2,2
2895.000,3,3,0,1,9
2896.000,2,6,0,2,3
2897.000,3,5,0,2,1
2898.000,3,3,0,1,9
2899.000,3,3,0,1,9
2900.000,2,2,0,2,3
2901.000,3,3,0,1,9
2902.000,1,1,0,2,10
2903.000,2,1,0,2,6
2904.000,2,1,0,1,1
2905.000,1,3,0,1,10
2906.000,2,3,0,1,6
2907.000,2,5,0,1,8
2908.000,3,3,0,2,4
2909.000,3,3,0,1,9
2910.000,2,1,1,2,2
